pais_id,pais,provincia_id,provincia,anio,familia,genero,especie,especies_agrupadas,rollizos,carbon,lenia,postes,otros,todos_los_productos
32,Argentina,54,Misiones,1998,Araucariáceas,Araucaria,Araucaria,Coniferas,222116,0,0,0,0,222116
32,Argentina,54,Misiones,1999,Araucariáceas,Araucaria,Araucaria,Coniferas,130257,0,0,0,0,130257
32,Argentina,54,Misiones,2000,Araucariáceas,Araucaria,Araucaria,Coniferas,107054,0,0,0,0,107054
32,Argentina,54,Misiones,2001,Araucariáceas,Araucaria,Araucaria,Coniferas,100628,0,0,0,0,100628
32,Argentina,54,Misiones,2002,Araucariáceas,Araucaria,Araucaria,Coniferas,97790,0,0,0,0,97790
32,Argentina,54,Misiones,2003,Araucariáceas,Araucaria,Araucaria,Coniferas,162759,0,129,0,0,162888
32,Argentina,54,Misiones,2004,Araucariáceas,Araucaria,Araucaria,Coniferas,139688,116,51,0,0,139855
32,Argentina,54,Misiones,2005,Araucariáceas,Araucaria,Araucaria,Coniferas,148689,0,9,0,0,148698
32,Argentina,54,Misiones,2006,Araucariáceas,Araucaria,Araucaria,Coniferas,156148,0,14,579,0,156741
32,Argentina,54,Misiones,2007,Araucariáceas,Araucaria,Araucaria,Coniferas,150231,0,3,3534,0,153768
32,Argentina,54,Misiones,2008,Araucariáceas,Araucaria,Araucaria,Coniferas,151779,0,0,0,0,151779
32,Argentina,54,Misiones,2009,Araucariáceas,Araucaria,Araucaria,Coniferas,107205,0,0,31,0,107236
32,Argentina,54,Misiones,2010,Araucariáceas,Araucaria,Araucaria,Coniferas,109549,0,1,0,0,109550
32,Argentina,54,Misiones,2011,Araucariáceas,Araucaria,Araucaria,Coniferas,130223,0,1,0,0,130224
32,Argentina,54,Misiones,2012,Araucariáceas,Araucaria,Araucaria,Coniferas,103363,0,0,0,0,103363
32,Argentina,54,Misiones,2013,Araucariáceas,Araucaria,Araucaria,Coniferas,62546,0,0,13,0,62559
32,Argentina,54,Misiones,2014,Araucariáceas,Araucaria,Araucaria,Coniferas,46233,0,4,0,0,46237
32,Argentina,54,Misiones,2015,Araucariáceas,Araucaria,Araucaria,Coniferas,60468,0,0,0,0,60468
32,Argentina,54,Misiones,2016,Araucariáceas,Araucaria,Araucaria,Coniferas,46566,0,0,0,0,46566
32,Argentina,54,Misiones,2017,Araucariáceas,Araucaria,Araucaria,Coniferas,531242,0,0,31,0,531273
32,Argentina,26,Chubut,2000,Cupressáceas,Cupressus,Ciprés,Coniferas,50,0,0,0,6,56
32,Argentina,26,Chubut,2001,Cupressáceas,Cupressus,Ciprés,Coniferas,30,0,0,0,0,30
32,Argentina,58,Neuquen,2001,Cupressáceas,Cupressus,Ciprés,Coniferas,256,0,0,17,1,274
32,Argentina,26,Chubut,2002,Cupressáceas,Cupressus,Ciprés,Coniferas,101,0,0,3,13,117
32,Argentina,62,Rio Negro,2002,Cupressáceas,Cupressus,Ciprés,Coniferas,3612,0,75,230,516,4433
32,Argentina,26,Chubut,2003,Cupressáceas,Cupressus,Ciprés,Coniferas,12,0,5,18,178,213
32,Argentina,26,Chubut,2004,Cupressáceas,Cupressus,Ciprés,Coniferas,164,79,58,22,0,323
32,Argentina,58,Neuquen,2004,Cupressáceas,Cupressus,Ciprés,Coniferas,1247,0,0,0,0,1247
32,Argentina,62,Rio Negro,2004,Cupressáceas,Cupressus,Ciprés,Coniferas,4281,0,267,174,0,4722
32,Argentina,26,Chubut,2005,Cupressáceas,Cupressus,Ciprés,Coniferas,4213,0,560,210,121,5104
32,Argentina,58,Neuquen,2005,Cupressáceas,Cupressus,Ciprés,Coniferas,1247,0,0,0,0,1247
32,Argentina,62,Rio Negro,2005,Cupressáceas,Cupressus,Ciprés,Coniferas,2897,0,158,119,269,3443
32,Argentina,26,Chubut,2006,Cupressáceas,Cupressus,Ciprés,Coniferas,49,0,0,0,0,49
32,Argentina,58,Neuquen,2006,Cupressáceas,Cupressus,Ciprés,Coniferas,34,0,0,0,0,34
32,Argentina,62,Rio Negro,2006,Cupressáceas,Cupressus,Ciprés,Coniferas,2476,0,130,103,119,2828
32,Argentina,26,Chubut,2007,Cupressáceas,Cupressus,Ciprés,Coniferas,71,0,0,0,0,71
32,Argentina,62,Rio Negro,2007,Cupressáceas,Cupressus,Ciprés,Coniferas,5216,0,415,0,0,5631
32,Argentina,26,Chubut,2008,Cupressáceas,Cupressus,Ciprés,Coniferas,53,0,0,0,0,53
32,Argentina,58,Neuquen,2008,Cupressáceas,Cupressus,Ciprés,Coniferas,2,0,0,0,0,2
32,Argentina,62,Rio Negro,2008,Cupressáceas,Cupressus,Ciprés,Coniferas,6336,0,111,0,0,6447
32,Argentina,26,Chubut,2009,Cupressáceas,Cupressus,Ciprés,Coniferas,1781,0,334,274,0,2389
32,Argentina,58,Neuquen,2009,Cupressáceas,Cupressus,Ciprés,Coniferas,0,0,0,0,0,0
32,Argentina,62,Rio Negro,2009,Cupressáceas,Cupressus,Ciprés,Coniferas,3499,0,92,13,879,4483
32,Argentina,26,Chubut,2010,Cupressáceas,Cupressus,Ciprés,Coniferas,2074,0,271,582,253,3180
32,Argentina,58,Neuquen,2010,Cupressáceas,Cupressus,Ciprés,Coniferas,1,0,0,0,0,1
32,Argentina,62,Rio Negro,2010,Cupressáceas,Cupressus,Ciprés,Coniferas,3194,0,139,0,0,3333
32,Argentina,26,Chubut,2011,Cupressáceas,Cupressus,Ciprés,Coniferas,94,0,0,2,5,101
32,Argentina,58,Neuquen,2011,Cupressáceas,Cupressus,Ciprés,Coniferas,1029,0,0,0,0,1029
32,Argentina,62,Rio Negro,2011,Cupressáceas,Cupressus,Ciprés,Coniferas,1986,0,50,21,0,2057
32,Argentina,26,Chubut,2012,Cupressáceas,Cupressus,Ciprés,Coniferas,51,0,0,40,5,96
32,Argentina,26,Chubut,2013,Cupressáceas,Cupressus,Ciprés,Coniferas,3003,0,673,607,1132,5415
32,Argentina,62,Rio Negro,2013,Cupressáceas,Cupressus,Ciprés,Coniferas,2557,0,0,23,0,2580
32,Argentina,26,Chubut,2014,Cupressáceas,Cupressus,Ciprés,Coniferas,2591,0,251,382,717,3941
32,Argentina,58,Neuquen,2014,Cupressáceas,Cupressus,Ciprés,Coniferas,14,0,0,0,0,14
32,Argentina,58,Neuquen,2015,Cupressáceas,Cupressus,Ciprés,Coniferas,0,0,0,9,0,9
32,Argentina,58,Neuquen,2016,Cupressáceas,Cupressus,Ciprés,Coniferas,28,0,0,0,0,28
32,Argentina,26,Chubut,2017,Cupressáceas,Cupressus,Ciprés,Coniferas,3039,0,0,0,0,3039
32,Argentina,6,Buenos Aires,1998,Fabáceas,Robinia,Acacia blanca,Otras,0,0,0,2287,0,2287
32,Argentina,14,Cordoba,2012,Fabáceas,Gleditsia,Acacia negra,Otras,0,0,30,0,0,30
32,Argentina,42,La Pampa,2013,Fabáceas,Gleditsia,Acacia negra,Otras,0,0,0,25,0,25
32,Argentina,58,Neuquen,2013,Fabáceas,Robinia,Acacia blanca,Otras,0,0,0,3,0,3
32,Argentina,62,Rio Negro,2013,Fabáceas,Robinia,Acacia blanca,Otras,4,0,0,1,0,5
32,Argentina,42,La Pampa,2014,Fabáceas,Gleditsia,Acacia negra,Otras,0,0,0,25,0,25
32,Argentina,62,Rio Negro,2014,Fabáceas,Robinia,Acacia blanca,Otras,0,0,0,9,0,9
32,Argentina,42,La Pampa,2015,Fabáceas,Gleditsia,Acacia negra,Otras,11,0,0,76,0,87
32,Argentina,62,Rio Negro,2015,Fabáceas,Robinia,Acacia blanca,Otras,0,0,0,27,0,27
32,Argentina,6,Buenos Aires,2016,Fabáceas,Robinia,Acacia blanca,Otras,0,2,13,0,0,15
32,Argentina,14,Cordoba,2016,Fabáceas,Robinia,Acacia blanca,Otras,0,0,12,0,0,12
32,Argentina,42,La Pampa,2016,Fabáceas,Gleditsia,Acacia negra,Otras,0,0,0,55,0,55
32,Argentina,62,Rio Negro,2016,Fabáceas,Robinia,Acacia blanca,Otras,0,0,0,27,0,27
32,Argentina,6,Buenos Aires,2017,Fabáceas,Robinia,Acacia blanca,Otras,151,0,97,15,0,263
32,Argentina,62,Rio Negro,2017,Fabáceas,Robinia,Acacia blanca,Otras,180,0,0,88,0,268
32,Argentina,50,Mendoza,1998,Meliáceas,Melia,Paraiso,Otras,16,0,0,0,0,16
32,Argentina,54,Misiones,1998,Meliáceas,Melia,Paraiso,Otras,26523,0,0,0,0,26523
32,Argentina,34,Formosa,1999,Meliáceas,Melia,Paraiso,Otras,2,0,0,0,0,2
32,Argentina,54,Misiones,1999,Meliáceas,Melia,Paraiso,Otras,22672,0,0,0,0,22672
32,Argentina,54,Misiones,2000,Meliáceas,Melia,Paraiso,Otras,16642,0,0,0,0,16642
32,Argentina,54,Misiones,2001,Meliáceas,Melia,Paraiso,Otras,15021,0,0,0,0,15021
32,Argentina,54,Misiones,2002,Meliáceas,Melia,Paraiso,Otras,21062,0,4,0,0,21066
32,Argentina,6,Buenos Aires,2003,Meliáceas,Melia,Paraiso,Otras,221,0,0,0,0,221
32,Argentina,18,Corrientes,2003,Meliáceas,Melia,Paraiso,Otras,82,0,0,0,0,82
32,Argentina,54,Misiones,2003,Meliáceas,Melia,Paraiso,Otras,27815,0,140,0,0,27955
32,Argentina,54,Misiones,2004,Meliáceas,Melia,Paraiso,Otras,21649,91,178,0,0,21918
32,Argentina,34,Formosa,2005,Meliáceas,Melia,Paraiso,Otras,9,0,0,0,0,9
32,Argentina,54,Misiones,2005,Meliáceas,Melia,Paraiso,Otras,21741,0,14,0,0,21755
32,Argentina,54,Misiones,2006,Meliáceas,Melia,Paraiso,Otras,18936,0,0,122,0,19058
32,Argentina,34,Formosa,2007,Meliáceas,Melia,Paraiso,Otras,51,0,0,0,0,51
32,Argentina,54,Misiones,2007,Meliáceas,Melia,Paraiso,Otras,15474,0,0,263,0,15737
32,Argentina,34,Formosa,2008,Meliáceas,Melia,Paraiso,Otras,60,0,0,0,0,60
32,Argentina,54,Misiones,2008,Meliáceas,Melia,Paraiso,Otras,11765,0,0,0,0,11765
32,Argentina,34,Formosa,2009,Meliáceas,Melia,Paraiso,Otras,15,0,0,0,0,15
32,Argentina,54,Misiones,2009,Meliáceas,Melia,Paraiso,Otras,11356,0,0,3,0,11359
32,Argentina,6,Buenos Aires,2010,Meliáceas,Melia,Paraiso,Otras,446,0,0,0,0,446
32,Argentina,18,Corrientes,2010,Meliáceas,Melia,Paraiso,Otras,78,0,0,0,0,78
32,Argentina,34,Formosa,2010,Meliáceas,Melia,Paraiso,Otras,2,0,0,0,0,2
32,Argentina,54,Misiones,2010,Meliáceas,Melia,Paraiso,Otras,10316,0,0,6,0,10322
32,Argentina,18,Corrientes,2011,Meliáceas,Melia,Paraiso,Otras,39,0,0,0,0,39
32,Argentina,34,Formosa,2011,Meliáceas,Melia,Paraiso,Otras,40,0,0,0,0,40
32,Argentina,54,Misiones,2011,Meliáceas,Melia,Paraiso,Otras,10801,0,0,6,0,10807
32,Argentina,54,Misiones,2012,Meliáceas,Melia,Paraiso,Otras,10806,0,0,0,0,10806
32,Argentina,54,Misiones,2013,Meliáceas,Melia,Paraiso,Otras,10162,0,0,0,0,10162
32,Argentina,54,Misiones,2014,Meliáceas,Melia,Paraiso,Otras,7424,0,0,0,0,7424
32,Argentina,54,Misiones,2015,Meliáceas,Melia,Paraiso,Otras,10264,0,0,0,0,10264
32,Argentina,66,Salta,2015,Meliáceas,Melia,Paraiso,Otras,284,0,0,0,0,284
32,Argentina,66,Salta,2015,Meliáceas,Toona,Toona,Otras,171,0,0,0,0,171
32,Argentina,54,Misiones,2016,Meliáceas,Melia,Paraiso,Otras,12184,0,0,0,0,12184
32,Argentina,54,Misiones,2017,Meliáceas,Melia,Paraiso,Otras,10324,0,0,0,0,10324
32,Argentina,6,Buenos Aires,1998,Mirtáceas,Eucalyptus,Eucalipto,Eucaliptos,515091,139775,156223,7625,0,818714
32,Argentina,22,Chaco,1998,Mirtáceas,Eucalyptus,Eucalipto,Eucaliptos,187,0,0,0,0,187
32,Argentina,18,Corrientes,1998,Mirtáceas,Eucalyptus,Eucalipto,Eucaliptos,215531,0,0,0,0,215531
32,Argentina,30,Entre Rios,1998,Mirtáceas,Eucalyptus,Eucalipto,Eucaliptos,457430,0,0,35782,30198,523410
32,Argentina,38,Jujuy,1998,Mirtáceas,Eucalyptus,Eucalipto,Eucaliptos,24186,4637,0,1188,0,30011
32,Argentina,42,La Pampa,1998,Mirtáceas,Eucalyptus,Eucalipto,Eucaliptos,1400,0,7835,0,0,9235
32,Argentina,50,Mendoza,1998,Mirtáceas,Eucalyptus,Eucalipto,Eucaliptos,11,0,0,0,0,11
32,Argentina,54,Misiones,1998,Mirtáceas,Eucalyptus,Eucalipto,Eucaliptos,99536,0,0,0,0,99536
32,Argentina,82,Santa Fe,1998,Mirtáceas,Eucalyptus,Eucalipto,Eucaliptos,156187,0,0,0,0,156187
32,Argentina,90,Tucuman,1998,Mirtáceas,Eucalyptus,Eucalipto,Eucaliptos,791,0,0,0,0,791
32,Argentina,6,Buenos Aires,1999,Mirtáceas,Eucalyptus,Eucalipto,Eucaliptos,310554,0,0,0,0,310554
32,Argentina,22,Chaco,1999,Mirtáceas,Eucalyptus,Eucalipto,Eucaliptos,1600,0,0,1440,0,3040
32,Argentina,18,Corrientes,1999,Mirtáceas,Eucalyptus,Eucalipto,Eucaliptos,224023,0,0,27396,8345,259764
32,Argentina,30,Entre Rios,1999,Mirtáceas,Eucalyptus,Eucalipto,Eucaliptos,471251,0,0,29987,27808,529046
32,Argentina,34,Formosa,1999,Mirtáceas,Eucalyptus,Eucalipto,Eucaliptos,5,0,0,0,0,5
32,Argentina,38,Jujuy,1999,Mirtáceas,Eucalyptus,Eucalipto,Eucaliptos,7301,0,0,1065,0,8366
32,Argentina,42,La Pampa,1999,Mirtáceas,Eucalyptus,Eucalipto,Eucaliptos,2591,25,5413,0,0,8029
32,Argentina,54,Misiones,1999,Mirtáceas,Eucalyptus,Eucalipto,Eucaliptos,24041,0,0,0,0,24041
32,Argentina,82,Santa Fe,1999,Mirtáceas,Eucalyptus,Eucalipto,Eucaliptos,144895,0,0,0,0,144895
32,Argentina,90,Tucuman,1999,Mirtáceas,Eucalyptus,Eucalipto,Eucaliptos,2733,0,0,0,0,2733
32,Argentina,6,Buenos Aires,2000,Mirtáceas,Eucalyptus,Eucalipto,Eucaliptos,288998,0,0,0,0,288998
32,Argentina,14,Cordoba,2000,Mirtáceas,Eucalyptus,Eucalipto,Eucaliptos,8560,840,7200,0,0,16600
32,Argentina,18,Corrientes,2000,Mirtáceas,Eucalyptus,Eucalipto,Eucaliptos,247238,0,0,53666,10209,311113
32,Argentina,30,Entre Rios,2000,Mirtáceas,Eucalyptus,Eucalipto,Eucaliptos,629346,0,0,32508,29838,691692
32,Argentina,38,Jujuy,2000,Mirtáceas,Eucalyptus,Eucalipto,Eucaliptos,14175,0,0,1611,0,15786
32,Argentina,42,La Pampa,2000,Mirtáceas,Eucalyptus,Eucalipto,Eucaliptos,968,175,3592,0,0,4735
32,Argentina,54,Misiones,2000,Mirtáceas,Eucalyptus,Eucalipto,Eucaliptos,89480,0,0,0,0,89480
32,Argentina,82,Santa Fe,2000,Mirtáceas,Eucalyptus,Eucalipto,Eucaliptos,99104,0,0,0,0,99104
32,Argentina,90,Tucuman,2000,Mirtáceas,Eucalyptus,Eucalipto,Eucaliptos,2243,0,0,0,0,2243
32,Argentina,6,Buenos Aires,2001,Mirtáceas,Eucalyptus,Eucalipto,Eucaliptos,107777,0,0,0,0,107777
32,Argentina,26,Chubut,2001,Mirtáceas,Eucalyptus,Eucalipto,Eucaliptos,2,0,0,0,0,2
32,Argentina,14,Cordoba,2001,Mirtáceas,Eucalyptus,Eucalipto,Eucaliptos,8560,840,7200,0,0,16600
32,Argentina,18,Corrientes,2001,Mirtáceas,Eucalyptus,Eucalipto,Eucaliptos,296417,0,0,35729,6636,338782
32,Argentina,30,Entre Rios,2001,Mirtáceas,Eucalyptus,Eucalipto,Eucaliptos,440000,3600,0,46500,32959,523059
32,Argentina,38,Jujuy,2001,Mirtáceas,Eucalyptus,Eucalipto,Eucaliptos,5638,0,0,265,0,5903
32,Argentina,42,La Pampa,2001,Mirtáceas,Eucalyptus,Eucalipto,Eucaliptos,0,232,934,0,0,1166
32,Argentina,54,Misiones,2001,Mirtáceas,Eucalyptus,Eucalipto,Eucaliptos,62549,0,0,0,0,62549
32,Argentina,82,Santa Fe,2001,Mirtáceas,Eucalyptus,Eucalipto,Eucaliptos,150112,0,0,0,0,150112
32,Argentina,90,Tucuman,2001,Mirtáceas,Eucalyptus,Eucalipto,Eucaliptos,1745,0,0,0,0,1745
32,Argentina,6,Buenos Aires,2002,Mirtáceas,Eucalyptus,Eucalipto,Eucaliptos,146387,0,0,0,0,146387
32,Argentina,26,Chubut,2002,Mirtáceas,Eucalyptus,Eucalipto,Eucaliptos,2,0,0,0,0,2
32,Argentina,14,Cordoba,2002,Mirtáceas,Eucalyptus,Eucalipto,Eucaliptos,3840,0,18570,0,0,22410
32,Argentina,18,Corrientes,2002,Mirtáceas,Eucalyptus,Eucalipto,Eucaliptos,466591,0,0,35729,6636,508956
32,Argentina,30,Entre Rios,2002,Mirtáceas,Eucalyptus,Eucalipto,Eucaliptos,687850,0,0,51900,3200,742950
32,Argentina,38,Jujuy,2002,Mirtáceas,Eucalyptus,Eucalipto,Eucaliptos,25321,0,0,446,0,25767
32,Argentina,42,La Pampa,2002,Mirtáceas,Eucalyptus,Eucalipto,Eucaliptos,20,167,5,0,0,192
32,Argentina,54,Misiones,2002,Mirtáceas,Eucalyptus,Eucalipto,Eucaliptos,120196,0,37,0,1670,121903
32,Argentina,82,Santa Fe,2002,Mirtáceas,Eucalyptus,Eucalipto,Eucaliptos,56308,0,0,11,0,56319
32,Argentina,90,Tucuman,2002,Mirtáceas,Eucalyptus,Eucalipto,Eucaliptos,2065,0,0,0,0,2065
32,Argentina,6,Buenos Aires,2003,Mirtáceas,Eucalyptus,Eucalipto,Eucaliptos,142946,0,0,0,0,142946
32,Argentina,14,Cordoba,2003,Mirtáceas,Eucalyptus,Eucalipto,Eucaliptos,3868,0,20000,0,0,23868
32,Argentina,18,Corrientes,2003,Mirtáceas,Eucalyptus,Eucalipto,Eucaliptos,289670,0,0,31819,92,321581
32,Argentina,30,Entre Rios,2003,Mirtáceas,Eucalyptus,Eucalipto,Eucaliptos,412488,0,0,75588,19190,507266
32,Argentina,38,Jujuy,2003,Mirtáceas,Eucalyptus,Eucalipto,Eucaliptos,84464,0,0,1079,0,85543
32,Argentina,42,La Pampa,2003,Mirtáceas,Eucalyptus,Eucalipto,Eucaliptos,149,11,754,0,0,914
32,Argentina,50,Mendoza,2003,Mirtáceas,Eucalyptus,Eucalipto,Eucaliptos,1733,0,0,0,0,1733
32,Argentina,54,Misiones,2003,Mirtáceas,Eucalyptus,Eucalipto,Eucaliptos,113223,0,54,4,1024,114305
32,Argentina,82,Santa Fe,2003,Mirtáceas,Eucalyptus,Eucalipto,Eucaliptos,104783,0,0,1,0,104784
32,Argentina,90,Tucuman,2003,Mirtáceas,Eucalyptus,Eucalipto,Eucaliptos,1447,0,0,0,0,1447
32,Argentina,6,Buenos Aires,2004,Mirtáceas,Eucalyptus,Eucalipto,Eucaliptos,315955,0,0,0,0,315955
32,Argentina,14,Cordoba,2004,Mirtáceas,Eucalyptus,Eucalipto,Eucaliptos,6630,20000,0,0,0,26630
32,Argentina,18,Corrientes,2004,Mirtáceas,Eucalyptus,Eucalipto,Eucaliptos,497926,0,15608,1272,0,514806
32,Argentina,30,Entre Rios,2004,Mirtáceas,Eucalyptus,Eucalipto,Eucaliptos,477066,0,80812,26647,0,584525
32,Argentina,38,Jujuy,2004,Mirtáceas,Eucalyptus,Eucalipto,Eucaliptos,74812,0,1484,0,0,76296
32,Argentina,42,La Pampa,2004,Mirtáceas,Eucalyptus,Eucalipto,Eucaliptos,75,75,0,0,0,150
32,Argentina,50,Mendoza,2004,Mirtáceas,Eucalyptus,Eucalipto,Eucaliptos,4282,0,0,0,0,4282
32,Argentina,54,Misiones,2004,Mirtáceas,Eucalyptus,Eucalipto,Eucaliptos,103713,30,54,80,0,103877
32,Argentina,82,Santa Fe,2004,Mirtáceas,Eucalyptus,Eucalipto,Eucaliptos,147858,0,330,0,0,148188
32,Argentina,90,Tucuman,2004,Mirtáceas,Eucalyptus,Eucalipto,Eucaliptos,1447,0,0,0,0,1447
32,Argentina,6,Buenos Aires,2005,Mirtáceas,Eucalyptus,Eucalipto,Eucaliptos,187326,0,0,0,0,187326
32,Argentina,14,Cordoba,2005,Mirtáceas,Eucalyptus,Eucalipto,Eucaliptos,6630,0,20000,0,0,26630
32,Argentina,18,Corrientes,2005,Mirtáceas,Eucalyptus,Eucalipto,Eucaliptos,324813,0,0,6066,1042,331921
32,Argentina,30,Entre Rios,2005,Mirtáceas,Eucalyptus,Eucalipto,Eucaliptos,495746,0,0,129518,11277,636541
32,Argentina,38,Jujuy,2005,Mirtáceas,Eucalyptus,Eucalipto,Eucaliptos,97250,0,0,2146,0,99396
32,Argentina,42,La Pampa,2005,Mirtáceas,Eucalyptus,Eucalipto,Eucaliptos,81,573,1027,0,0,1681
32,Argentina,50,Mendoza,2005,Mirtáceas,Eucalyptus,Eucalipto,Eucaliptos,6862,0,0,0,0,6862
32,Argentina,54,Misiones,2005,Mirtáceas,Eucalyptus,Eucalipto,Eucaliptos,62650,0,16,196,144,63006
32,Argentina,82,Santa Fe,2005,Mirtáceas,Eucalyptus,Eucalipto,Eucaliptos,116237,0,1,0,0,116238
32,Argentina,90,Tucuman,2005,Mirtáceas,Eucalyptus,Eucalipto,Eucaliptos,1447,0,0,0,0,1447
32,Argentina,6,Buenos Aires,2006,Mirtáceas,Eucalyptus,Eucalipto,Eucaliptos,143675,0,0,2,0,143677
32,Argentina,22,Chaco,2006,Mirtáceas,Eucalyptus,Eucalipto,Eucaliptos,1538,0,0,0,0,1538
32,Argentina,14,Cordoba,2006,Mirtáceas,Eucalyptus,Eucalipto,Eucaliptos,8619,5640,29640,0,0,43899
32,Argentina,18,Corrientes,2006,Mirtáceas,Eucalyptus,Eucalipto,Eucaliptos,334882,0,0,22531,2174,359587
32,Argentina,30,Entre Rios,2006,Mirtáceas,Eucalyptus,Eucalipto,Eucaliptos,620303,0,0,95102,51805,767210
32,Argentina,34,Formosa,2006,Mirtáceas,Eucalyptus,Eucalipto,Eucaliptos,1,0,0,0,0,1
32,Argentina,38,Jujuy,2006,Mirtáceas,Eucalyptus,Eucalipto,Eucaliptos,92185,0,0,1801,0,93986
32,Argentina,42,La Pampa,2006,Mirtáceas,Eucalyptus,Eucalipto,Eucaliptos,568,40,128,0,0,736
32,Argentina,50,Mendoza,2006,Mirtáceas,Eucalyptus,Eucalipto,Eucaliptos,2244,0,0,0,0,2244
32,Argentina,54,Misiones,2006,Mirtáceas,Eucalyptus,Eucalipto,Eucaliptos,77218,0,65,480,144,77907
32,Argentina,58,Neuquen,2006,Mirtáceas,Eucalyptus,Eucalipto,Eucaliptos,7,0,0,0,0,7
32,Argentina,82,Santa Fe,2006,Mirtáceas,Eucalyptus,Eucalipto,Eucaliptos,73568,0,0,0,0,73568
32,Argentina,90,Tucuman,2006,Mirtáceas,Eucalyptus,Eucalipto,Eucaliptos,1447,0,0,0,0,1447
32,Argentina,6,Buenos Aires,2007,Mirtáceas,Eucalyptus,Eucalipto,Eucaliptos,218002,0,0,37,0,218039
32,Argentina,22,Chaco,2007,Mirtáceas,Eucalyptus,Eucalipto,Eucaliptos,4884,0,0,479,0,5363
32,Argentina,14,Cordoba,2007,Mirtáceas,Eucalyptus,Eucalipto,Eucaliptos,12750,5000,20000,0,0,37750
32,Argentina,18,Corrientes,2007,Mirtáceas,Eucalyptus,Eucalipto,Eucaliptos,296925,0,0,7786,145,304856
32,Argentina,30,Entre Rios,2007,Mirtáceas,Eucalyptus,Eucalipto,Eucaliptos,864812,0,0,16701,42976,924489
32,Argentina,34,Formosa,2007,Mirtáceas,Eucalyptus,Eucalipto,Eucaliptos,14,0,0,0,0,14
32,Argentina,38,Jujuy,2007,Mirtáceas,Eucalyptus,Eucalipto,Eucaliptos,131067,0,0,1460,0,132527
32,Argentina,42,La Pampa,2007,Mirtáceas,Eucalyptus,Eucalipto,Eucaliptos,0,0,62,0,0,62
32,Argentina,50,Mendoza,2007,Mirtáceas,Eucalyptus,Eucalipto,Eucaliptos,1765,0,0,0,0,1765
32,Argentina,54,Misiones,2007,Mirtáceas,Eucalyptus,Eucalipto,Eucaliptos,43075,0,26,2579,0,45680
32,Argentina,82,Santa Fe,2007,Mirtáceas,Eucalyptus,Eucalipto,Eucaliptos,71841,0,0,0,0,71841
32,Argentina,90,Tucuman,2007,Mirtáceas,Eucalyptus,Eucalipto,Eucaliptos,1300,0,0,0,0,1300
32,Argentina,6,Buenos Aires,2008,Mirtáceas,Eucalyptus,Eucalipto,Eucaliptos,232466,0,0,4,0,232470
32,Argentina,22,Chaco,2008,Mirtáceas,Eucalyptus,Eucalipto,Eucaliptos,3119,0,0,506,0,3625
32,Argentina,14,Cordoba,2008,Mirtáceas,Eucalyptus,Eucalipto,Eucaliptos,29362,5000,20000,0,0,54362
32,Argentina,18,Corrientes,2008,Mirtáceas,Eucalyptus,Eucalipto,Eucaliptos,499558,0,0,6989,1688,508235
32,Argentina,30,Entre Rios,2008,Mirtáceas,Eucalyptus,Eucalipto,Eucaliptos,628407,0,0,17275,55043,700725
32,Argentina,34,Formosa,2008,Mirtáceas,Eucalyptus,Eucalipto,Eucaliptos,3,0,0,0,0,3
32,Argentina,38,Jujuy,2008,Mirtáceas,Eucalyptus,Eucalipto,Eucaliptos,80440,0,0,840,0,81280
32,Argentina,42,La Pampa,2008,Mirtáceas,Eucalyptus,Eucalipto,Eucaliptos,0,0,564,0,0,564
32,Argentina,50,Mendoza,2008,Mirtáceas,Eucalyptus,Eucalipto,Eucaliptos,637,0,0,0,0,637
32,Argentina,54,Misiones,2008,Mirtáceas,Eucalyptus,Eucalipto,Eucaliptos,36371,0,0,0,0,36371
32,Argentina,62,Rio Negro,2008,Mirtáceas,Eucalyptus,Eucalipto,Eucaliptos,28,0,39,0,0,67
32,Argentina,82,Santa Fe,2008,Mirtáceas,Eucalyptus,Eucalipto,Eucaliptos,112022,0,0,0,0,112022
32,Argentina,6,Buenos Aires,2009,Mirtáceas,Eucalyptus,Eucalipto,Eucaliptos,137022,0,0,0,0,137022
32,Argentina,22,Chaco,2009,Mirtáceas,Eucalyptus,Eucalipto,Eucaliptos,2071,0,0,0,0,2071
32,Argentina,14,Cordoba,2009,Mirtáceas,Eucalyptus,Eucalipto,Eucaliptos,12750,5000,20000,0,0,37750
32,Argentina,18,Corrientes,2009,Mirtáceas,Eucalyptus,Eucalipto,Eucaliptos,682911,0,0,8501,0,691412
32,Argentina,30,Entre Rios,2009,Mirtáceas,Eucalyptus,Eucalipto,Eucaliptos,1246614,0,0,60006,0,1306620
32,Argentina,34,Formosa,2009,Mirtáceas,Eucalyptus,Eucalipto,Eucaliptos,33,0,0,0,0,33
32,Argentina,38,Jujuy,2009,Mirtáceas,Eucalyptus,Eucalipto,Eucaliptos,93094,0,0,1295,0,94389
32,Argentina,42,La Pampa,2009,Mirtáceas,Eucalyptus,Eucalipto,Eucaliptos,0,0,53,0,0,53
32,Argentina,50,Mendoza,2009,Mirtáceas,Eucalyptus,Eucalipto,Eucaliptos,854,0,0,0,0,854
32,Argentina,54,Misiones,2009,Mirtáceas,Eucalyptus,Eucalipto,Eucaliptos,209518,0,310,147,0,209975
32,Argentina,62,Rio Negro,2009,Mirtáceas,Eucalyptus,Eucalipto,Eucaliptos,0,0,28,10,0,38
32,Argentina,82,Santa Fe,2009,Mirtáceas,Eucalyptus,Eucalipto,Eucaliptos,84683,0,0,0,0,84683
32,Argentina,6,Buenos Aires,2010,Mirtáceas,Eucalyptus,Eucalipto,Eucaliptos,205726,0,0,0,0,205726
32,Argentina,14,Cordoba,2010,Mirtáceas,Eucalyptus,Eucalipto,Eucaliptos,12750,5000,20000,0,0,37750
32,Argentina,18,Corrientes,2010,Mirtáceas,Eucalyptus,Eucalipto,Eucaliptos,625512,0,0,23886,0,649398
32,Argentina,30,Entre Rios,2010,Mirtáceas,Eucalyptus,Eucalipto,Eucaliptos,1585424,0,0,70272,0,1655696
32,Argentina,38,Jujuy,2010,Mirtáceas,Eucalyptus,Eucalipto,Eucaliptos,75670,0,0,3793,0,79463
32,Argentina,42,La Pampa,2010,Mirtáceas,Eucalyptus,Eucalipto,Eucaliptos,0,0,783,0,0,783
32,Argentina,50,Mendoza,2010,Mirtáceas,Eucalyptus,Eucalipto,Eucaliptos,1399,0,0,0,0,1399
32,Argentina,54,Misiones,2010,Mirtáceas,Eucalyptus,Eucalipto,Eucaliptos,219286,0,426,36,0,219748
32,Argentina,82,Santa Fe,2010,Mirtáceas,Eucalyptus,Eucalipto,Eucaliptos,141075,0,0,0,0,141075
32,Argentina,6,Buenos Aires,2011,Mirtáceas,Eucalyptus,Eucalipto,Eucaliptos,115204,0,0,0,0,115204
32,Argentina,14,Cordoba,2011,Mirtáceas,Eucalyptus,Eucalipto,Eucaliptos,0,0,2578,0,0,2578
32,Argentina,18,Corrientes,2011,Mirtáceas,Eucalyptus,Eucalipto,Eucaliptos,619491,0,0,21760,144,641395
32,Argentina,30,Entre Rios,2011,Mirtáceas,Eucalyptus,Eucalipto,Eucaliptos,1678402,0,0,26175,63392,1767969
32,Argentina,38,Jujuy,2011,Mirtáceas,Eucalyptus,Eucalipto,Eucaliptos,75670,0,0,4122,0,79792
32,Argentina,42,La Pampa,2011,Mirtáceas,Eucalyptus,Eucalipto,Eucaliptos,0,0,68,0,0,68
32,Argentina,50,Mendoza,2011,Mirtáceas,Eucalyptus,Eucalipto,Eucaliptos,208,0,0,0,0,208
32,Argentina,54,Misiones,2011,Mirtáceas,Eucalyptus,Eucalipto,Eucaliptos,246718,0,426,36,0,247180
32,Argentina,82,Santa Fe,2011,Mirtáceas,Eucalyptus,Eucalipto,Eucaliptos,129514,0,0,0,0,129514
32,Argentina,6,Buenos Aires,2012,Mirtáceas,Eucalyptus,Eucalipto,Eucaliptos,100900,0,0,0,0,100900
32,Argentina,14,Cordoba,2012,Mirtáceas,Eucalyptus,Eucalipto,Eucaliptos,0,380,6204,0,0,6584
32,Argentina,18,Corrientes,2012,Mirtáceas,Eucalyptus,Eucalipto,Eucaliptos,1568393,0,0,27874,255,1596522
32,Argentina,30,Entre Rios,2012,Mirtáceas,Eucalyptus,Eucalipto,Eucaliptos,1549851,0,0,3636,22100,1575587
32,Argentina,38,Jujuy,2012,Mirtáceas,Eucalyptus,Eucalipto,Eucaliptos,75698,0,0,2391,0,78089
32,Argentina,42,La Pampa,2012,Mirtáceas,Eucalyptus,Eucalipto,Eucaliptos,120,0,0,0,0,120
32,Argentina,50,Mendoza,2012,Mirtáceas,Eucalyptus,Eucalipto,Eucaliptos,162,0,0,0,0,162
32,Argentina,54,Misiones,2012,Mirtáceas,Eucalyptus,Eucalipto,Eucaliptos,170666,0,0,0,0,170666
32,Argentina,82,Santa Fe,2012,Mirtáceas,Eucalyptus,Eucalipto,Eucaliptos,101176,0,20988,60,2020,124244
32,Argentina,6,Buenos Aires,2013,Mirtáceas,Eucalyptus,Eucalipto,Eucaliptos,55484,0,0,0,0,55484
32,Argentina,14,Cordoba,2013,Mirtáceas,Eucalyptus,Eucalipto,Eucaliptos,0,0,6144,0,0,6144
32,Argentina,18,Corrientes,2013,Mirtáceas,Eucalyptus,Eucalipto,Eucaliptos,1633312,0,0,291185,5409,1929906
32,Argentina,30,Entre Rios,2013,Mirtáceas,Eucalyptus,Eucalipto,Eucaliptos,1655395,0,0,8373,58451,1722219
32,Argentina,38,Jujuy,2013,Mirtáceas,Eucalyptus,Eucalipto,Eucaliptos,57289,0,46520,3051,0,106860
32,Argentina,42,La Pampa,2013,Mirtáceas,Eucalyptus,Eucalipto,Eucaliptos,65,35,250,0,0,350
32,Argentina,54,Misiones,2013,Mirtáceas,Eucalyptus,Eucalipto,Eucaliptos,198397,0,721,83,0,199201
32,Argentina,82,Santa Fe,2013,Mirtáceas,Eucalyptus,Eucalipto,Eucaliptos,114059,100,0,0,1231,115390
32,Argentina,6,Buenos Aires,2014,Mirtáceas,Eucalyptus,Eucalipto,Eucaliptos,114673,0,0,0,0,114673
32,Argentina,14,Cordoba,2014,Mirtáceas,Eucalyptus,Eucalipto,Eucaliptos,10200,0,20000,0,0,30200
32,Argentina,18,Corrientes,2014,Mirtáceas,Eucalyptus,Eucalipto,Eucaliptos,1414373,0,0,40895,11266,1466534
32,Argentina,30,Entre Rios,2014,Mirtáceas,Eucalyptus,Eucalipto,Eucaliptos,1231518,0,0,14972,52518,1299008
32,Argentina,38,Jujuy,2014,Mirtáceas,Eucalyptus,Eucalipto,Eucaliptos,51500,0,0,2185,0,53685
32,Argentina,42,La Pampa,2014,Mirtáceas,Eucalyptus,Eucalipto,Eucaliptos,0,45,0,0,0,45
32,Argentina,54,Misiones,2014,Mirtáceas,Eucalyptus,Eucalipto,Eucaliptos,94470,0,588,0,26,95084
32,Argentina,58,Neuquen,2014,Mirtáceas,Eucalyptus,Eucalipto,Eucaliptos,7,0,0,0,0,7
32,Argentina,82,Santa Fe,2014,Mirtáceas,Eucalyptus,Eucalipto,Eucaliptos,92594,0,0,0,2280,94874
32,Argentina,6,Buenos Aires,2015,Mirtáceas,Eucalyptus,Eucalipto,Eucaliptos,187599,0,0,0,0,187599
32,Argentina,14,Cordoba,2015,Mirtáceas,Eucalyptus,Eucalipto,Eucaliptos,8048,2000,1126,0,0,11174
32,Argentina,18,Corrientes,2015,Mirtáceas,Eucalyptus,Eucalipto,Eucaliptos,1323015,0,0,51847,11096,1385958
32,Argentina,30,Entre Rios,2015,Mirtáceas,Eucalyptus,Eucalipto,Eucaliptos,1585369,0,0,17197,44416,1646982
32,Argentina,38,Jujuy,2015,Mirtáceas,Eucalyptus,Eucalipto,Eucaliptos,49375,0,0,0,0,49375
32,Argentina,42,La Pampa,2015,Mirtáceas,Eucalyptus,Eucalipto,Eucaliptos,62,0,5,0,0,67
32,Argentina,50,Mendoza,2015,Mirtáceas,Eucalyptus,Eucalipto,Eucaliptos,1255,0,0,0,0,1255
32,Argentina,54,Misiones,2015,Mirtáceas,Eucalyptus,Eucalipto,Eucaliptos,235509,0,435,273,0,236217
32,Argentina,82,Santa Fe,2015,Mirtáceas,Eucalyptus,Eucalipto,Eucaliptos,71681,0,28499,373,2125,102678
32,Argentina,66,Salta,2015,Mirtáceas,Eucalyptus,Eucalipto,Eucaliptos,19922,0,0,450,0,20372
32,Argentina,86,Santiago Del Estero,2015,Mirtáceas,Eucalyptus,Eucalipto,Eucaliptos,163,0,0,0,0,163
32,Argentina,90,Tucuman,2015,Mirtáceas,Eucalyptus,Eucalipto,Eucaliptos,6374,0,0,0,0,6374
32,Argentina,6,Buenos Aires,2016,Mirtáceas,Eucalyptus,Eucalipto,Eucaliptos,245965,0,957,4595,0,251517
32,Argentina,14,Cordoba,2016,Mirtáceas,Eucalyptus,Eucalipto,Eucaliptos,6311,0,5142,0,0,11453
32,Argentina,22,Chaco,2016,Mirtáceas,Eucalyptus,Eucalipto,Eucaliptos,619,0,0,0,0,619
32,Argentina,18,Corrientes,2016,Mirtáceas,Eucalyptus,Eucalipto,Eucaliptos,1458765,0,0,36227,1100,1496092
32,Argentina,30,Entre Rios,2016,Mirtáceas,Eucalyptus,Eucalipto,Eucaliptos,1749510,0,0,6060,37554,1793124
32,Argentina,38,Jujuy,2016,Mirtáceas,Eucalyptus,Eucalipto,Eucaliptos,49371,0,0,824,0,50195
32,Argentina,42,La Pampa,2016,Mirtáceas,Eucalyptus,Eucalipto,Eucaliptos,0,0,30,0,0,30
32,Argentina,50,Mendoza,2016,Mirtáceas,Eucalyptus,Eucalipto,Eucaliptos,2040,0,0,0,0,2040
32,Argentina,54,Misiones,2016,Mirtáceas,Eucalyptus,Eucalipto,Eucaliptos,557818,0,0,1232,0,559050
32,Argentina,82,Santa Fe,2016,Mirtáceas,Eucalyptus,Eucalipto,Eucaliptos,70729,0,16489,0,1710,88928
32,Argentina,66,Salta,2016,Mirtáceas,Eucalyptus,Eucalipto,Eucaliptos,19922,0,0,13597,0,33519
32,Argentina,86,Santiago Del Estero,2016,Mirtáceas,Eucalyptus,Eucalipto,Eucaliptos,163,0,0,0,0,163
32,Argentina,90,Tucuman,2016,Mirtáceas,Eucalyptus,Eucalipto,Eucaliptos,6658,0,690,0,0,7348
32,Argentina,6,Buenos Aires,2017,Mirtáceas,Eucalyptus,Eucalipto,Eucaliptos,259661,0,2436,9057,0,271154
32,Argentina,14,Cordoba,2017,Mirtáceas,Eucalyptus,Eucalipto,Eucaliptos,0,0,7510,0,0,7510
32,Argentina,18,Corrientes,2017,Mirtáceas,Eucalyptus,Eucalipto,Eucaliptos,1200000,0,0,124483,12240,1336723
32,Argentina,30,Entre Rios,2017,Mirtáceas,Eucalyptus,Eucalipto,Eucaliptos,1997883,0,0,16730,29031,2043644
32,Argentina,38,Jujuy,2017,Mirtáceas,Eucalyptus,Eucalipto,Eucaliptos,43628,0,0,0,0,43628
32,Argentina,42,La Pampa,2017,Mirtáceas,Eucalyptus,Eucalipto,Eucaliptos,59,0,238,0,0,297
32,Argentina,50,Mendoza,2017,Mirtáceas,Eucalyptus,Eucalipto,Eucaliptos,16680,0,0,0,0,16680
32,Argentina,54,Misiones,2017,Mirtáceas,Eucalyptus,Eucalipto,Eucaliptos,291685,0,74,670,150,292579
32,Argentina,62,Rio Negro,2017,Mirtáceas,Eucalyptus,Eucalipto,Eucaliptos,0,0,0,1,0,1
32,Argentina,82,Santa Fe,2017,Mirtáceas,Eucalyptus,Eucalipto,Eucaliptos,32003,0,21346,0,9188,62537
32,Argentina,66,Salta,2017,Mirtáceas,Eucalyptus,Eucalipto,Eucaliptos,39231,0,0,0,0,39231
32,Argentina,90,Tucuman,2017,Mirtáceas,Eucalyptus,Eucalipto,Eucaliptos,5549,0,222,0,0,5771
32,Argentina,26,Chubut,1998,Otras,Otros,Otras,Otras,61,0,0,0,0,61
32,Argentina,42,La Pampa,1998,Otras,Otros,Otras,Otras,0,0,350,5,0,355
32,Argentina,50,Mendoza,1998,Otras,Otros,Otras,Otras,6800,0,0,0,0,6800
32,Argentina,54,Misiones,1998,Otras,Otros,Otras,Otras,1000,0,0,0,0,1000
32,Argentina,58,Neuquen,1998,Otras,Otros,Otras,Otras,0,0,192,4,0,196
32,Argentina,42,La Pampa,1999,Otras,Otros,Otras,Otras,41,23,47,0,0,111
32,Argentina,54,Misiones,1999,Otras,Otros,Otras,Otras,402,0,0,0,0,402
32,Argentina,58,Neuquen,1999,Otras,Otros,Otras,Otras,4,0,0,4,0,8
32,Argentina,26,Chubut,2000,Otras,Otros,Otras,Otras,6,0,0,0,0,6
32,Argentina,14,Cordoba,2000,Otras,Otros,Otras,Otras,0,200,1200,0,0,1400
32,Argentina,42,La Pampa,2000,Otras,Otros,Otras,Otras,50,218,47,0,0,315
32,Argentina,54,Misiones,2000,Otras,Otros,Otras,Otras,494,0,0,0,0,494
32,Argentina,58,Neuquen,2000,Otras,Otros,Otras,Otras,4,0,0,4,0,8
32,Argentina,26,Chubut,2001,Otras,Otros,Otras,Otras,4,0,0,0,3,7
32,Argentina,14,Cordoba,2001,Otras,Otros,Otras,Otras,0,200,1200,0,0,1400
32,Argentina,54,Misiones,2001,Otras,Otros,Otras,Otras,3704,0,0,0,0,3704
32,Argentina,58,Neuquen,2001,Otras,Otros,Otras,Otras,0,0,0,5,0,5
32,Argentina,42,La Pampa,2002,Otras,Otros,Otras,Otras,55,0,0,0,0,55
32,Argentina,54,Misiones,2002,Otras,Otros,Otras,Otras,3334,0,0,0,0,3334
32,Argentina,58,Neuquen,2002,Otras,Otros,Otras,Otras,0,0,0,9,3,12
32,Argentina,26,Chubut,2003,Otras,Otros,Otras,Otras,149,0,1979,24,29,2181
32,Argentina,42,La Pampa,2003,Otras,Otros,Otras,Otras,32,0,0,0,0,32
32,Argentina,54,Misiones,2003,Otras,Otros,Otras,Otras,12786,0,15,0,0,12801
32,Argentina,58,Neuquen,2003,Otras,Otros,Otras,Otras,0,0,0,9,3,12
32,Argentina,62,Rio Negro,2003,Otras,Otros,Otras,Otras,30,0,0,0,0,30
32,Argentina,26,Chubut,2004,Otras,Otros,Otras,Otras,21,2678,0,0,0,2699
32,Argentina,42,La Pampa,2004,Otras,Otros,Otras,Otras,116,93,0,0,0,209
32,Argentina,54,Misiones,2004,Otras,Otros,Otras,Otras,11002,40,0,0,0,11042
32,Argentina,58,Neuquen,2004,Otras,Otros,Otras,Otras,417,4413,0,0,0,4830
32,Argentina,42,La Pampa,2005,Otras,Otros,Otras,Otras,0,0,0,15,0,15
32,Argentina,54,Misiones,2005,Otras,Otros,Otras,Otras,3492,0,15,0,0,3507
32,Argentina,58,Neuquen,2005,Otras,Otros,Otras,Otras,417,0,4413,0,0,4830
32,Argentina,62,Rio Negro,2005,Otras,Otros,Otras,Otras,0,0,0,39,0,39
32,Argentina,26,Chubut,2006,Otras,Otros,Otras,Otras,151,0,1297,2,1,1451
32,Argentina,42,La Pampa,2006,Otras,Otros,Otras,Otras,35,0,10,3,0,48
32,Argentina,54,Misiones,2006,Otras,Otros,Otras,Otras,15477,0,78,831,0,16386
32,Argentina,58,Neuquen,2006,Otras,Otros,Otras,Otras,5,0,0,0,0,5
32,Argentina,6,Buenos Aires,2007,Otras,Otros,Otras,Otras,0,0,0,107,566,673
32,Argentina,34,Formosa,2007,Otras,Otros,Otras,Otras,14,0,0,0,0,14
32,Argentina,38,Jujuy,2007,Otras,Otros,Otras,Otras,73,0,0,0,0,73
32,Argentina,54,Misiones,2007,Otras,Otros,Otras,Otras,17544,0,30,1702,0,19276
32,Argentina,58,Neuquen,2007,Otras,Otros,Otras,Otras,39,0,810,1,0,850
32,Argentina,62,Rio Negro,2007,Otras,Otros,Otras,Otras,0,0,0,4,0,4
32,Argentina,82,Santa Fe,2007,Otras,Otros,Otras,Otras,6692,0,0,0,0,6692
32,Argentina,22,Chaco,2008,Otras,Otros,Otras,Otras,784,0,0,0,0,784
32,Argentina,42,La Pampa,2008,Otras,Otros,Otras,Otras,0,0,191,25,0,216
32,Argentina,54,Misiones,2008,Otras,Otros,Otras,Otras,5340,0,0,0,0,5340
32,Argentina,58,Neuquen,2008,Otras,Otros,Otras,Otras,12,0,45,4,1,62
32,Argentina,82,Santa Fe,2008,Otras,Otros,Otras,Otras,13282,0,0,0,0,13282
32,Argentina,38,Jujuy,2009,Otras,Otros,Otras,Otras,96,0,0,0,0,96
32,Argentina,42,La Pampa,2009,Otras,Otros,Otras,Otras,0,0,111,0,0,111
32,Argentina,50,Mendoza,2009,Otras,Otros,Otras,Otras,3432,0,0,0,0,3432
32,Argentina,54,Misiones,2009,Otras,Otros,Otras,Otras,12895,0,0,0,0,12895
32,Argentina,58,Neuquen,2009,Otras,Otros,Otras,Otras,104,0,21,0,0,125
32,Argentina,50,Mendoza,2010,Otras,Otros,Otras,Otras,537,0,0,0,0,537
32,Argentina,54,Misiones,2010,Otras,Otros,Otras,Otras,26726,0,0,0,0,26726
32,Argentina,58,Neuquen,2010,Otras,Otros,Otras,Otras,23,0,25,0,0,48
32,Argentina,6,Buenos Aires,2011,Otras,Otros,Otras,Otras,77,0,0,0,0,77
32,Argentina,38,Jujuy,2011,Otras,Otros,Otras,Otras,260,0,0,0,0,260
32,Argentina,54,Misiones,2011,Otras,Otros,Otras,Otras,24806,0,0,0,0,24806
32,Argentina,58,Neuquen,2011,Otras,Otros,Otras,Otras,25,0,0,0,0,25
32,Argentina,62,Rio Negro,2011,Otras,Otros,Otras,Otras,0,0,0,1,0,1
32,Argentina,14,Cordoba,2012,Otras,Otros,Otras,Otras,0,0,3510,0,0,3510
32,Argentina,38,Jujuy,2012,Otras,Otros,Otras,Otras,97,0,0,0,0,97
32,Argentina,50,Mendoza,2012,Otras,Otros,Otras,Otras,16,0,0,0,0,16
32,Argentina,54,Misiones,2012,Otras,Otros,Otras,Otras,41792,0,0,0,0,41792
32,Argentina,62,Rio Negro,2012,Otras,Otros,Otras,Otras,0,0,1267,7,0,1274
32,Argentina,14,Cordoba,2013,Otras,Otros,Otras,Otras,0,0,2983,0,0,2983
32,Argentina,38,Jujuy,2013,Otras,Otros,Otras,Otras,0,0,240,0,0,240
32,Argentina,42,La Pampa,2013,Otras,Otros,Otras,Otras,0,0,158,0,0,158
32,Argentina,62,Rio Negro,2013,Otras,Otros,Otras,Otras,0,0,3338,0,0,3338
32,Argentina,38,Jujuy,2014,Otras,Otros,Otras,Otras,0,0,130,0,0,130
32,Argentina,54,Misiones,2014,Otras,Otros,Otras,Otras,14317,0,84,0,0,14401
32,Argentina,58,Neuquen,2014,Otras,Otros,Otras,Otras,0,0,473,0,0,473
32,Argentina,62,Rio Negro,2014,Otras,Otros,Otras,Otras,0,0,2216,0,0,2216
32,Argentina,14,Cordoba,2015,Otras,Otros,Otras,Otras,0,0,5011,0,0,5011
32,Argentina,26,Chubut,2015,Otras,Otros,Otras,Otras,0,0,8305,0,0,8305
32,Argentina,42,La Pampa,2015,Otras,Otros,Otras,Otras,0,0,7,0,0,7
32,Argentina,54,Misiones,2015,Otras,Otros,Otras,Otras,13022,0,10,23,0,13055
32,Argentina,58,Neuquen,2015,Otras,Otros,Otras,Otras,0,0,0,0,0,0
32,Argentina,62,Rio Negro,2015,Otras,Otros,Otras,Otras,0,0,2420,0,0,2420
32,Argentina,66,Salta,2015,Otras,Otros,Otras,Otras,0,0,2425,0,0,2425
32,Argentina,6,Buenos Aires,2016,Otras,Otros,Otras,Otras,4192,0,0,0,0,4192
32,Argentina,18,Corrientes,2016,Otras,Otros,Otras,Otras,255,0,0,0,0,255
32,Argentina,30,Entre Rios,2016,Otras,Otros,Otras,Otras,11,0,0,0,0,11
32,Argentina,42,La Pampa,2016,Otras,Otros,Otras,Otras,0,0,155,0,0,155
32,Argentina,54,Misiones,2016,Otras,Otros,Otras,Otras,20517,0,0,0,0,20517
32,Argentina,62,Rio Negro,2016,Otras,Otros,Otras,Otras,0,0,2420,0,0,2420
32,Argentina,66,Salta,2016,Otras,Otros,Otras,Otras,0,0,0,0,0,0
32,Argentina,90,Tucuman,2016,Otras,Otros,Otras,Otras,540,0,59,0,0,599
32,Argentina,14,Cordoba,2017,Otras,Otros,Otras,Otras,0,0,792,0,0,792
32,Argentina,18,Corrientes,2017,Otras,Otros,Otras,Otras,915,0,0,0,0,915
32,Argentina,42,La Pampa,2017,Otras,Otros,Otras,Otras,0,0,263,0,0,263
32,Argentina,54,Misiones,2017,Otras,Otros,Otras,Otras,12540,0,47,0,0,12587
32,Argentina,58,Neuquen,2017,Otras,Otros,Otras,Otras,0,0,0,1,0,1
32,Argentina,82,Santa Fe,2017,Otras,Otros,Otras,Otras,1289,0,0,0,0,1289
32,Argentina,90,Tucuman,2017,Otras,Otros,Otras,Otras,372,0,0,0,0,372
32,Argentina,54,Misiones,1998,Paulowniáceas,Paulownia,Kiri,Otras,279,0,0,0,0,279
32,Argentina,54,Misiones,1999,Paulowniáceas,Paulownia,Kiri,Otras,743,0,0,0,0,743
32,Argentina,54,Misiones,2000,Paulowniáceas,Paulownia,Kiri,Otras,768,0,0,0,0,768
32,Argentina,54,Misiones,2001,Paulowniáceas,Paulownia,Kiri,Otras,574,0,0,0,0,574
32,Argentina,54,Misiones,2002,Paulowniáceas,Paulownia,Kiri,Otras,4642,0,0,0,0,4642
32,Argentina,54,Misiones,2003,Paulowniáceas,Paulownia,Kiri,Otras,8288,0,36,0,0,8324
32,Argentina,54,Misiones,2004,Paulowniáceas,Paulownia,Kiri,Otras,8145,24,127,0,0,8296
32,Argentina,54,Misiones,2005,Paulowniáceas,Paulownia,Kiri,Otras,10342,0,34,0,0,10376
32,Argentina,54,Misiones,2006,Paulowniáceas,Paulownia,Kiri,Otras,8601,0,1,27,480,9109
32,Argentina,54,Misiones,2007,Paulowniáceas,Paulownia,Kiri,Otras,8032,0,4,352,0,8388
32,Argentina,54,Misiones,2008,Paulowniáceas,Paulownia,Kiri,Otras,7464,0,0,0,0,7464
32,Argentina,54,Misiones,2009,Paulowniáceas,Paulownia,Kiri,Otras,5119,0,4,0,0,5123
32,Argentina,54,Misiones,2010,Paulowniáceas,Paulownia,Kiri,Otras,5158,0,9,0,0,5167
32,Argentina,54,Misiones,2011,Paulowniáceas,Paulownia,Kiri,Otras,5158,0,9,0,0,5167
32,Argentina,54,Misiones,2012,Paulowniáceas,Paulownia,Kiri,Otras,5158,0,0,0,0,5158
32,Argentina,54,Misiones,2013,Paulowniáceas,Paulownia,Kiri,Otras,4354,0,5,15,0,4374
32,Argentina,54,Misiones,2014,Paulowniáceas,Paulownia,Kiri,Otras,3468,0,0,0,0,3468
32,Argentina,54,Misiones,2015,Paulowniáceas,Paulownia,Kiri,Otras,4279,0,0,0,0,4279
32,Argentina,54,Misiones,2016,Paulowniáceas,Paulownia,Kiri,Otras,5306,0,0,0,0,5306
32,Argentina,54,Misiones,2017,Paulowniáceas,Paulownia,Kiri,Otras,3372,0,0,0,0,3372
32,Argentina,6,Buenos Aires,1998,Pináceas,Pinus,Pino,Coniferas,7338,0,0,0,0,7338
32,Argentina,10,Catamarca,1998,Pináceas,Pinus,Pino,Coniferas,3410,0,0,0,0,3410
32,Argentina,26,Chubut,1998,Pináceas,Pinus,Pino,Coniferas,11359,0,509,109,617,12594
32,Argentina,14,Cordoba,1998,Pináceas,Pinus,Pino,Coniferas,90750,0,0,0,0,90750
32,Argentina,18,Corrientes,1998,Pináceas,Pinus,Pino,Coniferas,112755,0,0,0,0,112755
32,Argentina,30,Entre Rios,1998,Pináceas,Pinus,Pino,Coniferas,24810,0,0,0,0,24810
32,Argentina,38,Jujuy,1998,Pináceas,Pinus,Pino,Coniferas,10255,0,0,0,0,10255
32,Argentina,54,Misiones,1998,Pináceas,Pinus,Pino,Coniferas,2580090,0,0,0,0,2580090
32,Argentina,58,Neuquen,1998,Pináceas,Pinus,Pino,Coniferas,154,0,175,1355,8,1692
32,Argentina,62,Rio Negro,1998,Pináceas,Pinus,Pino,Coniferas,5131,0,132,0,849,6112
32,Argentina,90,Tucuman,1998,Pináceas,Pinus,Pino,Coniferas,24961,0,0,0,0,24961
32,Argentina,26,Chubut,1999,Pináceas,Pinus,Pino,Coniferas,5838,0,561,90,232,6721
32,Argentina,14,Cordoba,1999,Pináceas,Pinus,Pino,Coniferas,106700,0,0,160,829,107689
32,Argentina,18,Corrientes,1999,Pináceas,Pinus,Pino,Coniferas,92517,0,0,20895,0,113412
32,Argentina,30,Entre Rios,1999,Pináceas,Pinus,Pino,Coniferas,12059,0,0,0,0,12059
32,Argentina,38,Jujuy,1999,Pináceas,Pinus,Pino,Coniferas,6588,0,0,0,0,6588
32,Argentina,54,Misiones,1999,Pináceas,Pinus,Pino,Coniferas,2312653,0,0,0,0,2312653
32,Argentina,58,Neuquen,1999,Pináceas,Pinus,Pino,Coniferas,0,0,0,337,0,337
32,Argentina,62,Rio Negro,1999,Pináceas,Pinus,Pino,Coniferas,1842,0,572,266,1208,3888
32,Argentina,90,Tucuman,1999,Pináceas,Pinus,Pino,Coniferas,25375,0,0,0,0,25375
32,Argentina,26,Chubut,2000,Pináceas,Pinus,Pino,Coniferas,6091,0,390,90,363,6934
32,Argentina,14,Cordoba,2000,Pináceas,Pinus,Pino,Coniferas,70000,1500,0,1512,2672,75684
32,Argentina,18,Corrientes,2000,Pináceas,Pinus,Pino,Coniferas,112908,0,0,0,0,112908
32,Argentina,30,Entre Rios,2000,Pináceas,Pinus,Pino,Coniferas,127639,0,0,0,0,127639
32,Argentina,38,Jujuy,2000,Pináceas,Pinus,Pino,Coniferas,12278,0,0,0,0,12278
32,Argentina,54,Misiones,2000,Pináceas,Pinus,Pino,Coniferas,3581466,0,0,0,0,3581466
32,Argentina,58,Neuquen,2000,Pináceas,Pinus,Pino,Coniferas,0,0,0,337,0,337
32,Argentina,62,Rio Negro,2000,Pináceas,Pinus,Pino,Coniferas,5205,0,931,293,0,6429
32,Argentina,90,Tucuman,2000,Pináceas,Pinus,Pino,Coniferas,27759,0,0,0,0,27759
32,Argentina,26,Chubut,2001,Pináceas,Pinus,Pino,Coniferas,6452,0,1466,91,332,8341
32,Argentina,14,Cordoba,2001,Pináceas,Pinus,Pino,Coniferas,70000,1500,0,1512,1264,74276
32,Argentina,18,Corrientes,2001,Pináceas,Pinus,Pino,Coniferas,181050,0,0,0,0,181050
32,Argentina,30,Entre Rios,2001,Pináceas,Pinus,Pino,Coniferas,54000,0,0,0,0,54000
32,Argentina,38,Jujuy,2001,Pináceas,Pinus,Pino,Coniferas,7927,0,0,0,0,7927
32,Argentina,54,Misiones,2001,Pináceas,Pinus,Pino,Coniferas,2868511,0,0,0,0,2868511
32,Argentina,58,Neuquen,2001,Pináceas,Pinus,Pino,Coniferas,1167,0,5681,262,0,7110
32,Argentina,90,Tucuman,2001,Pináceas,Pinus,Pino,Coniferas,23842,0,0,0,0,23842
32,Argentina,6,Buenos Aires,2002,Pináceas,Pinus,Pino,Coniferas,3028,0,0,0,0,3028
32,Argentina,26,Chubut,2002,Pináceas,Pinus,Pino,Coniferas,8090,0,1396,69,591,10146
32,Argentina,14,Cordoba,2002,Pináceas,Pinus,Pino,Coniferas,197200,0,0,0,3368,200568
32,Argentina,18,Corrientes,2002,Pináceas,Pinus,Pino,Coniferas,228436,0,0,0,0,228436
32,Argentina,30,Entre Rios,2002,Pináceas,Pinus,Pino,Coniferas,75800,0,0,0,0,75800
32,Argentina,38,Jujuy,2002,Pináceas,Pinus,Pino,Coniferas,13972,0,0,0,0,13972
32,Argentina,54,Misiones,2002,Pináceas,Pinus,Pino,Coniferas,4236723,0,113,30,0,4236866
32,Argentina,58,Neuquen,2002,Pináceas,Pinus,Pino,Coniferas,82,0,175,1000,4,1261
32,Argentina,62,Rio Negro,2002,Pináceas,Pinus,Pino,Coniferas,8790,0,2801,0,596,12187
32,Argentina,62,Rio Negro,2002,Pináceas,Pinus,Pino,Coniferas,5508,0,3162,43,0,8713
32,Argentina,90,Tucuman,2002,Pináceas,Pinus,Pino,Coniferas,30280,0,0,0,0,30280
32,Argentina,6,Buenos Aires,2003,Pináceas,Pinus,Pino,Coniferas,16,0,0,0,0,16
32,Argentina,26,Chubut,2003,Pináceas,Pinus,Pino,Coniferas,10818,0,977,177,642,12614
32,Argentina,14,Cordoba,2003,Pináceas,Pinus,Pino,Coniferas,186550,0,0,0,0,186550
32,Argentina,18,Corrientes,2003,Pináceas,Pinus,Pino,Coniferas,209239,0,0,0,0,209239
32,Argentina,30,Entre Rios,2003,Pináceas,Pinus,Pino,Coniferas,31717,0,0,0,0,31717
32,Argentina,38,Jujuy,2003,Pináceas,Pinus,Pino,Coniferas,48317,0,0,0,0,48317
32,Argentina,54,Misiones,2003,Pináceas,Pinus,Pino,Coniferas,4832559,0,11964,0,0,4844523
32,Argentina,58,Neuquen,2003,Pináceas,Pinus,Pino,Coniferas,0,0,175,1000,4,1179
32,Argentina,62,Rio Negro,2003,Pináceas,Pinus,Pino,Coniferas,13967,0,4420,23,229,18639
32,Argentina,90,Tucuman,2003,Pináceas,Pinus,Pino,Coniferas,42887,0,0,0,0,42887
32,Argentina,6,Buenos Aires,2004,Pináceas,Pinus,Pino,Coniferas,2143,0,0,0,0,2143
32,Argentina,26,Chubut,2004,Pináceas,Pinus,Pino,Coniferas,13486,2467,235,700,0,16888
32,Argentina,14,Cordoba,2004,Pináceas,Pinus,Pino,Coniferas,234000,0,0,0,0,234000
32,Argentina,18,Corrientes,2004,Pináceas,Pinus,Pino,Coniferas,213785,0,0,0,0,213785
32,Argentina,30,Entre Rios,2004,Pináceas,Pinus,Pino,Coniferas,64217,0,829,2033,0,67079
32,Argentina,38,Jujuy,2004,Pináceas,Pinus,Pino,Coniferas,31363,0,0,0,0,31363
32,Argentina,54,Misiones,2004,Pináceas,Pinus,Pino,Coniferas,4523094,10573,464,0,0,4534131
32,Argentina,58,Neuquen,2004,Pináceas,Pinus,Pino,Coniferas,3063,5488,281,0,0,8832
32,Argentina,62,Rio Negro,2004,Pináceas,Pinus,Pino,Coniferas,15797,2247,29,400,0,18473
32,Argentina,82,Santa Fe,2004,Pináceas,Pinus,Pino,Coniferas,271,0,0,0,0,271
32,Argentina,90,Tucuman,2004,Pináceas,Pinus,Pino,Coniferas,42887,0,0,0,0,42887
32,Argentina,26,Chubut,2005,Pináceas,Pinus,Pino,Coniferas,8427,0,2960,24,153,11564
32,Argentina,14,Cordoba,2005,Pináceas,Pinus,Pino,Coniferas,312000,0,0,36,1504,313540
32,Argentina,18,Corrientes,2005,Pináceas,Pinus,Pino,Coniferas,211343,0,0,0,0,211343
32,Argentina,30,Entre Rios,2005,Pináceas,Pinus,Pino,Coniferas,34440,0,0,0,0,34440
32,Argentina,38,Jujuy,2005,Pináceas,Pinus,Pino,Coniferas,35246,0,0,0,0,35246
32,Argentina,50,Mendoza,2005,Pináceas,Pinus,Pino,Coniferas,455,0,0,0,0,455
32,Argentina,54,Misiones,2005,Pináceas,Pinus,Pino,Coniferas,4745158,0,548,0,0,4745706
32,Argentina,58,Neuquen,2005,Pináceas,Pinus,Pino,Coniferas,3063,0,5488,359,0,8910
32,Argentina,62,Rio Negro,2005,Pináceas,Pinus,Pino,Coniferas,12850,0,2054,65,1065,16034
32,Argentina,82,Santa Fe,2005,Pináceas,Pinus,Pino,Coniferas,55,0,0,0,0,55
32,Argentina,90,Tucuman,2005,Pináceas,Pinus,Pino,Coniferas,42887,0,0,0,0,42887
32,Argentina,26,Chubut,2006,Pináceas,Pinus,Pino,Coniferas,15060,0,3169,281,1962,20472
32,Argentina,14,Cordoba,2006,Pináceas,Pinus,Pino,Coniferas,312000,0,0,0,1152,313152
32,Argentina,18,Corrientes,2006,Pináceas,Pinus,Pino,Coniferas,290890,0,0,0,0,290890
32,Argentina,30,Entre Rios,2006,Pináceas,Pinus,Pino,Coniferas,122960,0,0,8400,0,131360
32,Argentina,38,Jujuy,2006,Pináceas,Pinus,Pino,Coniferas,12311,0,0,0,0,12311
32,Argentina,54,Misiones,2006,Pináceas,Pinus,Pino,Coniferas,4400897,0,293,24986,0,4426176
32,Argentina,58,Neuquen,2006,Pináceas,Pinus,Pino,Coniferas,6388,0,14115,297,5,20805
32,Argentina,62,Rio Negro,2006,Pináceas,Pinus,Pino,Coniferas,10790,0,1684,41,476,12991
32,Argentina,82,Santa Fe,2006,Pináceas,Pinus,Pino,Coniferas,1247,0,0,0,0,1247
32,Argentina,90,Tucuman,2006,Pináceas,Pinus,Pino,Coniferas,42887,0,0,0,0,42887
32,Argentina,6,Buenos Aires,2007,Pináceas,Pinus,Pino,Coniferas,1596,0,0,0,0,1596
32,Argentina,26,Chubut,2007,Pináceas,Pinus,Pino,Coniferas,12548,0,4410,258,0,17216
32,Argentina,14,Cordoba,2007,Pináceas,Pinus,Pino,Coniferas,440000,0,0,0,0,440000
32,Argentina,18,Corrientes,2007,Pináceas,Pinus,Pino,Coniferas,422347,0,0,0,0,422347
32,Argentina,30,Entre Rios,2007,Pináceas,Pinus,Pino,Coniferas,95218,0,0,8400,0,103618
32,Argentina,34,Formosa,2007,Pináceas,Pinus,Pino,Coniferas,1100,0,0,0,0,1100
32,Argentina,38,Jujuy,2007,Pináceas,Pinus,Pino,Coniferas,3964,0,0,9,0,3973
32,Argentina,42,La Pampa,2007,Pináceas,Pinus,Pino,Coniferas,0,0,5,9,0,14
32,Argentina,54,Misiones,2007,Pináceas,Pinus,Pino,Coniferas,3849876,0,53,205081,0,4055010
32,Argentina,58,Neuquen,2007,Pináceas,Pinus,Pino,Coniferas,4208,0,4433,31,16,8688
32,Argentina,62,Rio Negro,2007,Pináceas,Pinus,Pino,Coniferas,12024,0,2298,0,0,14322
32,Argentina,82,Santa Fe,2007,Pináceas,Pinus,Pino,Coniferas,353,0,0,0,0,353
32,Argentina,90,Tucuman,2007,Pináceas,Pinus,Pino,Coniferas,55600,0,0,0,0,55600
32,Argentina,6,Buenos Aires,2008,Pináceas,Pinus,Pino,Coniferas,820,0,0,0,0,820
32,Argentina,26,Chubut,2008,Pináceas,Pinus,Pino,Coniferas,14642,0,4387,144,0,19173
32,Argentina,14,Cordoba,2008,Pináceas,Pinus,Pino,Coniferas,280000,0,0,0,0,280000
32,Argentina,18,Corrientes,2008,Pináceas,Pinus,Pino,Coniferas,363158,0,0,0,0,363158
32,Argentina,30,Entre Rios,2008,Pináceas,Pinus,Pino,Coniferas,385647,0,0,0,0,385647
32,Argentina,38,Jujuy,2008,Pináceas,Pinus,Pino,Coniferas,5029,0,0,0,0,5029
32,Argentina,54,Misiones,2008,Pináceas,Pinus,Pino,Coniferas,3592279,0,0,0,0,3592279
32,Argentina,58,Neuquen,2008,Pináceas,Pinus,Pino,Coniferas,10739,0,26255,9638,7878,54510
32,Argentina,62,Rio Negro,2008,Pináceas,Pinus,Pino,Coniferas,9334,0,130,0,0,9464
32,Argentina,6,Buenos Aires,2009,Pináceas,Pinus,Pino,Coniferas,1759,0,0,0,0,1759
32,Argentina,26,Chubut,2009,Pináceas,Pinus,Pino,Coniferas,15207,0,8926,293,0,24426
32,Argentina,14,Cordoba,2009,Pináceas,Pinus,Pino,Coniferas,280000,0,0,0,0,280000
32,Argentina,18,Corrientes,2009,Pináceas,Pinus,Pino,Coniferas,838302,0,0,3909,0,842211
32,Argentina,30,Entre Rios,2009,Pináceas,Pinus,Pino,Coniferas,181425,0,0,0,0,181425
32,Argentina,38,Jujuy,2009,Pináceas,Pinus,Pino,Coniferas,5482,0,0,0,0,5482
32,Argentina,54,Misiones,2009,Pináceas,Pinus,Pino,Coniferas,3937309,0,506,110,0,3937925
32,Argentina,58,Neuquen,2009,Pináceas,Pinus,Pino,Coniferas,8729,0,8960,436,0,18125
32,Argentina,62,Rio Negro,2009,Pináceas,Pinus,Pino,Coniferas,10894,0,1360,0,0,12254
32,Argentina,6,Buenos Aires,2010,Pináceas,Pinus,Pino,Coniferas,21663,0,0,0,0,21663
32,Argentina,26,Chubut,2010,Pináceas,Pinus,Pino,Coniferas,16724,0,2439,152,1446,20761
32,Argentina,14,Cordoba,2010,Pináceas,Pinus,Pino,Coniferas,280000,0,0,0,0,280000
32,Argentina,18,Corrientes,2010,Pináceas,Pinus,Pino,Coniferas,643548,0,0,0,0,643548
32,Argentina,30,Entre Rios,2010,Pináceas,Pinus,Pino,Coniferas,140968,0,0,0,0,140968
32,Argentina,38,Jujuy,2010,Pináceas,Pinus,Pino,Coniferas,2632,0,0,0,0,2632
32,Argentina,50,Mendoza,2010,Pináceas,Pinus,Pino,Coniferas,519,0,0,0,0,519
32,Argentina,54,Misiones,2010,Pináceas,Pinus,Pino,Coniferas,4385521,0,257,76,0,4385854
32,Argentina,58,Neuquen,2010,Pináceas,Pinus,Pino,Coniferas,9808,0,11956,482,5058,27304
32,Argentina,62,Rio Negro,2010,Pináceas,Pinus,Pino,Coniferas,9685,0,1192,0,0,10877
32,Argentina,82,Santa Fe,2010,Pináceas,Pinus,Pino,Coniferas,102,0,0,0,0,102
32,Argentina,6,Buenos Aires,2011,Pináceas,Pinus,Pino,Coniferas,2491,0,0,0,0,2491
32,Argentina,26,Chubut,2011,Pináceas,Pinus,Pino,Coniferas,16993,0,6544,204,884,24625
32,Argentina,14,Cordoba,2011,Pináceas,Pinus,Pino,Coniferas,102800,0,0,0,0,102800
32,Argentina,18,Corrientes,2011,Pináceas,Pinus,Pino,Coniferas,760042,0,0,0,0,760042
32,Argentina,30,Entre Rios,2011,Pináceas,Pinus,Pino,Coniferas,109391,0,0,0,0,109391
32,Argentina,38,Jujuy,2011,Pináceas,Pinus,Pino,Coniferas,2708,0,0,0,0,2708
32,Argentina,50,Mendoza,2011,Pináceas,Pinus,Pino,Coniferas,90,0,0,0,0,90
32,Argentina,54,Misiones,2011,Pináceas,Pinus,Pino,Coniferas,4508993,0,257,76,0,4509326
32,Argentina,58,Neuquen,2011,Pináceas,Pinus,Pino,Coniferas,18974,0,18464,520,20,37978
32,Argentina,62,Rio Negro,2011,Pináceas,Pinus,Pino,Coniferas,7820,0,24,0,0,7844
32,Argentina,82,Santa Fe,2011,Pináceas,Pinus,Pino,Coniferas,196,0,0,0,0,196
32,Argentina,6,Buenos Aires,2012,Pináceas,Pinus,Pino,Coniferas,3311,0,0,0,0,3311
32,Argentina,26,Chubut,2012,Pináceas,Pinus,Pino,Coniferas,10634,0,6544,51,16,17245
32,Argentina,14,Cordoba,2012,Pináceas,Pinus,Pino,Coniferas,150000,0,0,0,0,150000
32,Argentina,18,Corrientes,2012,Pináceas,Pinus,Pino,Coniferas,2337287,0,0,0,0,2337287
32,Argentina,30,Entre Rios,2012,Pináceas,Pinus,Pino,Coniferas,159325,0,0,0,0,159325
32,Argentina,38,Jujuy,2012,Pináceas,Pinus,Pino,Coniferas,3154,0,0,0,0,3154
32,Argentina,42,La Pampa,2012,Pináceas,Pinus,Pino,Coniferas,30,0,0,0,0,30
32,Argentina,54,Misiones,2012,Pináceas,Pinus,Pino,Coniferas,4315581,0,0,0,0,4315581
32,Argentina,58,Neuquen,2012,Pináceas,Pinus,Pino,Coniferas,15201,0,6283,290,99,21873
32,Argentina,62,Rio Negro,2012,Pináceas,Pinus,Pino,Coniferas,12627,0,349,0,0,12976
32,Argentina,82,Santa Fe,2012,Pináceas,Pinus,Pino,Coniferas,60,0,738,0,0,798
32,Argentina,6,Buenos Aires,2013,Pináceas,Pinus,Pino,Coniferas,9397,0,0,0,0,9397
32,Argentina,26,Chubut,2013,Pináceas,Pinus,Pino,Coniferas,9453,0,1576,74,1745,12848
32,Argentina,14,Cordoba,2013,Pináceas,Pinus,Pino,Coniferas,176000,0,0,0,0,176000
32,Argentina,18,Corrientes,2013,Pináceas,Pinus,Pino,Coniferas,2058014,0,0,0,0,2058014
32,Argentina,30,Entre Rios,2013,Pináceas,Pinus,Pino,Coniferas,192149,0,0,0,0,192149
32,Argentina,38,Jujuy,2013,Pináceas,Pinus,Pino,Coniferas,780,0,18720,0,0,19500
32,Argentina,54,Misiones,2013,Pináceas,Pinus,Pino,Coniferas,4922138,0,79,170,0,4922387
32,Argentina,58,Neuquen,2013,Pináceas,Pinus,Pino,Coniferas,13958,0,2550,14,2,16524
32,Argentina,62,Rio Negro,2013,Pináceas,Pinus,Pino,Coniferas,8251,0,0,0,0,8251
32,Argentina,6,Buenos Aires,2014,Pináceas,Pinus,Pino,Coniferas,3385,0,0,0,0,3385
32,Argentina,26,Chubut,2014,Pináceas,Pinus,Pino,Coniferas,9304,0,3282,140,186,12912
32,Argentina,14,Cordoba,2014,Pináceas,Pinus,Pino,Coniferas,16799,0,300000,480,160,317439
32,Argentina,18,Corrientes,2014,Pináceas,Pinus,Pino,Coniferas,2169128,0,0,0,0,2169128
32,Argentina,30,Entre Rios,2014,Pináceas,Pinus,Pino,Coniferas,178394,0,0,0,0,178394
32,Argentina,38,Jujuy,2014,Pináceas,Pinus,Pino,Coniferas,6098,0,0,0,0,6098
32,Argentina,54,Misiones,2014,Pináceas,Pinus,Pino,Coniferas,3326948,0,147,183,40,3327318
32,Argentina,58,Neuquen,2014,Pináceas,Pinus,Pino,Coniferas,48002,0,14367,198,475,63042
32,Argentina,62,Rio Negro,2014,Pináceas,Pinus,Pino,Coniferas,6223,0,0,0,0,6223
32,Argentina,82,Santa Fe,2014,Pináceas,Pinus,Pino,Coniferas,845,0,37,0,0,882
32,Argentina,6,Buenos Aires,2015,Pináceas,Pinus,Pino,Coniferas,1568,0,0,0,0,1568
32,Argentina,14,Cordoba,2015,Pináceas,Pinus,Pino,Coniferas,14995,0,0,480,1475,16950
32,Argentina,18,Corrientes,2015,Pináceas,Pinus,Pino,Coniferas,1752528,0,0,0,0,1752528
32,Argentina,26,Chubut,2015,Pináceas,Pinus,Pino,Coniferas,18196,0,4100,1158,0,23454
32,Argentina,30,Entre Rios,2015,Pináceas,Pinus,Pino,Coniferas,113298,0,0,0,0,113298
32,Argentina,38,Jujuy,2015,Pináceas,Pinus,Pino,Coniferas,15352,0,0,0,0,15352
32,Argentina,54,Misiones,2015,Pináceas,Pinus,Pino,Coniferas,4140614,0,202,117,0,4140933
32,Argentina,58,Neuquen,2015,Pináceas,Pinus,Pino,Coniferas,34603,0,14374,57,557,49591
32,Argentina,62,Rio Negro,2015,Pináceas,Pinus,Pino,Coniferas,5205,0,0,0,0,5205
32,Argentina,66,Salta,2015,Pináceas,Pinus,Pino,Coniferas,2226,0,0,0,0,2226
32,Argentina,90,Tucuman,2015,Pináceas,Pinus,Pino,Coniferas,20060,0,0,0,0,20060
32,Argentina,6,Buenos Aires,2016,Pináceas,Pinus,Pino,Coniferas,102342,0,0,67,0,102409
32,Argentina,14,Cordoba,2016,Pináceas,Pinus,Pino,Coniferas,4480,0,0,0,0,4480
32,Argentina,22,Chaco,2016,Pináceas,Pinus,Pino,Coniferas,112,0,0,0,0,112
32,Argentina,18,Corrientes,2016,Pináceas,Pinus,Pino,Coniferas,1393566,0,0,0,0,1393566
32,Argentina,26,Chubut,2016,Pináceas,Pinus,Pino,Coniferas,13968,0,1261,0,0,15229
32,Argentina,30,Entre Rios,2016,Pináceas,Pinus,Pino,Coniferas,185301,0,0,0,0,185301
32,Argentina,38,Jujuy,2016,Pináceas,Pinus,Pino,Coniferas,8306,0,0,0,0,8306
32,Argentina,50,Mendoza,2016,Pináceas,Pinus,Pino,Coniferas,79,0,0,0,0,79
32,Argentina,54,Misiones,2016,Pináceas,Pinus,Pino,Coniferas,4731902,0,0,0,0,4731902
32,Argentina,58,Neuquen,2016,Pináceas,Pinus,Pino,Coniferas,0,0,0,409,0,409
32,Argentina,58,Neuquen,2016,Pináceas,Pinus,Pino murrayana,Coniferas,4509,0,2616,0,6,7131
32,Argentina,58,Neuquen,2016,Pináceas,Pinus,Pino oregon,Coniferas,160,0,0,0,0,160
32,Argentina,58,Neuquen,2016,Pináceas,Pinus,Pino ponderosa,Coniferas,19247,0,29078,3,46,48374
32,Argentina,62,Rio Negro,2016,Pináceas,Pinus,Pino insigne,Coniferas,910,0,0,0,0,910
32,Argentina,62,Rio Negro,2016,Pináceas,Pinus,Pino murrayana,Coniferas,597,0,0,0,0,597
32,Argentina,62,Rio Negro,2016,Pináceas,Pinus,Pino oregon,Coniferas,2252,0,0,0,0,2252
32,Argentina,62,Rio Negro,2016,Pináceas,Pinus,Pino ponderosa,Coniferas,1446,0,0,0,0,1446
32,Argentina,66,Salta,2016,Pináceas,Pinus,Pino,Coniferas,2226,0,0,506,0,2732
32,Argentina,90,Tucuman,2016,Pináceas,Pinus,Pino,Coniferas,17508,0,0,0,0,17508
32,Argentina,6,Buenos Aires,2017,Pináceas,Pinus,Pino,Coniferas,21720,0,271,0,0,21991
32,Argentina,14,Cordoba,2017,Pináceas,Pinus,Pino,Coniferas,27087,0,0,0,0,27087
32,Argentina,18,Corrientes,2017,Pináceas,Pinus,Pino,Coniferas,2800000,0,0,0,0,2800000
32,Argentina,26,Chubut,2017,Pináceas,Pinus,Pino,Coniferas,10755,0,0,0,0,10755
32,Argentina,30,Entre Rios,2017,Pináceas,Pinus,Pino,Coniferas,147242,0,0,0,0,147242
32,Argentina,38,Jujuy,2017,Pináceas,Pinus,Pino,Coniferas,6798,0,0,0,0,6798
32,Argentina,42,La Pampa,2017,Pináceas,Pinus,Pino,Coniferas,20,0,0,0,0,20
32,Argentina,54,Misiones,2017,Pináceas,Pinus,Pino,Coniferas,4185798,0,29,53,0,4185880
32,Argentina,58,Neuquen,2017,Pináceas,Pinus,Pino murrayana,Coniferas,7265,0,0,0,29,7294
32,Argentina,58,Neuquen,2017,Pináceas,Pinus,Pino oregon,Coniferas,248,0,0,0,0,248
32,Argentina,58,Neuquen,2017,Pináceas,Pinus,Pino ponderosa,Coniferas,34556,0,3751,0,67,38374
32,Argentina,58,Neuquen,2017,Pináceas,Pinus,Pino insigne,Coniferas,9,0,0,0,0,9
32,Argentina,58,Neuquen,2017,Pináceas,Pinus,Pino contorta,Coniferas,0,0,105,0,0,105
32,Argentina,58,Neuquen,2017,Pináceas,Pinus,Pino,Coniferas,0,0,0,372,178,550
32,Argentina,62,Rio Negro,2017,Pináceas,Pinus,Pino insigne,Coniferas,829,0,0,0,0,829
32,Argentina,62,Rio Negro,2017,Pináceas,Pinus,Pino murrayana,Coniferas,303,0,0,0,0,303
32,Argentina,62,Rio Negro,2017,Pináceas,Pinus,Pino oregon,Coniferas,45050,0,0,0,0,45050
32,Argentina,62,Rio Negro,2017,Pináceas,Pinus,Pino ponderosa,Coniferas,1661,0,0,0,0,1661
32,Argentina,82,Santa Fe,2017,Pináceas,Pinus,Pino,Coniferas,0,0,570,0,60,630
32,Argentina,90,Tucuman,2017,Pináceas,Pinus,Pino,Coniferas,16644,0,0,0,0,16644
32,Argentina,38,Jujuy,2015,Proteáceas,Grevillea,Grevillea,Otras,98,0,0,0,0,98
32,Argentina,6,Buenos Aires,1998,Salicáceas,Pópulus,Álamo,Salicaceas,200255,0,0,0,0,200255
32,Argentina,6,Buenos Aires,1998,Salicáceas,Sálix,Sauce,Salicaceas,204514,0,0,0,0,204514
32,Argentina,10,Catamarca,1998,Salicáceas,Pópulus,Álamo,Salicaceas,13,0,0,0,0,13
32,Argentina,26,Chubut,1998,Salicáceas,Pópulus,Álamo,Salicaceas,1415,0,300,0,0,1715
32,Argentina,26,Chubut,1998,Salicáceas,Sálix,Sauce,Salicaceas,1,0,0,0,128,129
32,Argentina,30,Entre Rios,1998,Salicáceas,Sálix,Sauce,Salicaceas,60772,0,0,0,0,60772
32,Argentina,30,Entre Rios,1998,Salicáceas,Pópulus,Álamo,Salicaceas,23769,0,0,0,0,23769
32,Argentina,42,La Pampa,1998,Salicáceas,Pópulus,Álamo,Salicaceas,10313,0,0,0,107,10420
32,Argentina,46,La Rioja,1998,Salicáceas,Pópulus,Álamo,Salicaceas,80,0,0,0,0,80
32,Argentina,50,Mendoza,1998,Salicáceas,Pópulus,Álamo,Salicaceas,83380,0,0,0,0,83380
32,Argentina,50,Mendoza,1998,Salicáceas,Sálix,Sauce,Salicaceas,2794,0,0,0,0,2794
32,Argentina,58,Neuquen,1998,Salicáceas,Pópulus,Álamo,Salicaceas,31703,0,34,20,0,31757
32,Argentina,62,Rio Negro,1998,Salicáceas,Pópulus,Álamo,Salicaceas,96825,0,22,0,0,96847
32,Argentina,70,San Juan,1998,Salicáceas,Pópulus,Álamo,Salicaceas,8500,0,0,0,0,8500
32,Argentina,90,Tucuman,1998,Salicáceas,Pópulus,Álamo,Salicaceas,2213,0,0,0,0,2213
32,Argentina,6,Buenos Aires,1999,Salicáceas,Pópulus,Álamo,Salicaceas,151092,0,0,0,0,151092
32,Argentina,6,Buenos Aires,1999,Salicáceas,Sálix,Sauce,Salicaceas,151092,0,0,0,0,151092
32,Argentina,26,Chubut,1999,Salicáceas,Pópulus,Álamo,Salicaceas,566,0,53,0,0,619
32,Argentina,26,Chubut,1999,Salicáceas,Sálix,Sauce,Salicaceas,52,0,7092,5,83,7232
32,Argentina,30,Entre Rios,1999,Salicáceas,Sálix,Sauce,Salicaceas,126248,0,0,0,0,126248
32,Argentina,30,Entre Rios,1999,Salicáceas,Pópulus,Álamo,Salicaceas,84893,0,0,0,0,84893
32,Argentina,42,La Pampa,1999,Salicáceas,Pópulus,Álamo,Salicaceas,4779,0,0,0,0,4779
32,Argentina,46,La Rioja,1999,Salicáceas,Pópulus,Álamo,Salicaceas,45,0,0,0,0,45
32,Argentina,50,Mendoza,1999,Salicáceas,Pópulus,Álamo,Salicaceas,120000,0,0,0,0,120000
32,Argentina,58,Neuquen,1999,Salicáceas,Pópulus,Álamo,Salicaceas,22036,0,0,49,0,22085
32,Argentina,62,Rio Negro,1999,Salicáceas,Pópulus,Álamo,Salicaceas,63372,0,272,0,0,63644
32,Argentina,62,Rio Negro,1999,Salicáceas,Sálix,Sauce,Salicaceas,550,0,0,0,0,550
32,Argentina,70,San Juan,1999,Salicáceas,Pópulus,Álamo,Salicaceas,9000,0,0,0,0,9000
32,Argentina,90,Tucuman,1999,Salicáceas,Pópulus,Álamo,Salicaceas,2494,0,0,0,0,2494
32,Argentina,90,Tucuman,1999,Salicáceas,Sálix,Sauce,Salicaceas,13,0,0,0,0,13
32,Argentina,6,Buenos Aires,2000,Salicáceas,Sálix,Sauce,Salicaceas,92476,0,0,0,0,92476
32,Argentina,6,Buenos Aires,2000,Salicáceas,Pópulus,Álamo,Salicaceas,92476,0,0,0,0,92476
32,Argentina,26,Chubut,2000,Salicáceas,Pópulus,Álamo,Salicaceas,1487,0,99,0,0,1586
32,Argentina,26,Chubut,2000,Salicáceas,Sálix,Sauce,Salicaceas,0,0,9463,0,441,9904
32,Argentina,14,Cordoba,2000,Salicáceas,Pópulus,Álamo,Salicaceas,8640,0,0,0,0,8640
32,Argentina,30,Entre Rios,2000,Salicáceas,Sálix,Sauce,Salicaceas,205493,0,0,0,0,205493
32,Argentina,30,Entre Rios,2000,Salicáceas,Pópulus,Álamo,Salicaceas,43058,0,0,0,0,43058
32,Argentina,42,La Pampa,2000,Salicáceas,Pópulus,Álamo,Salicaceas,11002,0,0,0,0,11002
32,Argentina,50,Mendoza,2000,Salicáceas,Pópulus,Álamo,Salicaceas,117036,0,0,0,0,117036
32,Argentina,58,Neuquen,2000,Salicáceas,Pópulus,Álamo,Salicaceas,22036,0,0,49,0,22085
32,Argentina,62,Rio Negro,2000,Salicáceas,Sálix,Sauce,Salicaceas,550,0,820,0,0,1370
32,Argentina,62,Rio Negro,2000,Salicáceas,Pópulus,Álamo,Salicaceas,144152,0,92,0,0,144244
32,Argentina,70,San Juan,2000,Salicáceas,Pópulus,Álamo,Salicaceas,10000,0,0,0,0,10000
32,Argentina,90,Tucuman,2000,Salicáceas,Pópulus,Álamo,Salicaceas,1083,0,0,0,0,1083
32,Argentina,90,Tucuman,2000,Salicáceas,Sálix,Sauce,Salicaceas,15,0,0,0,0,15
32,Argentina,6,Buenos Aires,2001,Salicáceas,Sálix,Sauce,Salicaceas,154934,0,0,0,0,154934
32,Argentina,6,Buenos Aires,2001,Salicáceas,Pópulus,Álamo,Salicaceas,79814,0,0,0,0,79814
32,Argentina,26,Chubut,2001,Salicáceas,Pópulus,Álamo,Salicaceas,1296,0,228,0,0,1524
32,Argentina,26,Chubut,2001,Salicáceas,Sálix,Sauce,Salicaceas,0,0,7925,1,298,8224
32,Argentina,14,Cordoba,2001,Salicáceas,Pópulus,Álamo,Salicaceas,8640,0,0,0,0,8640
32,Argentina,30,Entre Rios,2001,Salicáceas,Pópulus,Álamo,Salicaceas,44000,0,0,0,0,44000
32,Argentina,30,Entre Rios,2001,Salicáceas,Sálix,Sauce,Salicaceas,98644,0,0,0,0,98644
32,Argentina,42,La Pampa,2001,Salicáceas,Pópulus,Álamo,Salicaceas,10386,0,7,0,130,10523
32,Argentina,50,Mendoza,2001,Salicáceas,Pópulus,Álamo,Salicaceas,68907,0,0,0,0,68907
32,Argentina,58,Neuquen,2001,Salicáceas,Pópulus,Álamo,Salicaceas,18629,0,85,0,0,18714
32,Argentina,62,Rio Negro,2001,Salicáceas,Pópulus,Álamo,Salicaceas,92340,0,21,0,0,92361
32,Argentina,62,Rio Negro,2001,Salicáceas,Sálix,Sauce,Salicaceas,0,0,103,0,0,103
32,Argentina,70,San Juan,2001,Salicáceas,Pópulus,Álamo,Salicaceas,12000,0,0,0,0,12000
32,Argentina,74,San Luis,2001,Salicáceas,Pópulus,Álamo,Salicaceas,223,0,0,0,0,223
32,Argentina,82,Santa Fe,2001,Salicáceas,Pópulus,Álamo,Salicaceas,1559,0,0,0,0,1559
32,Argentina,90,Tucuman,2001,Salicáceas,Pópulus,Álamo,Salicaceas,104,0,0,0,0,104
32,Argentina,6,Buenos Aires,2002,Salicáceas,Pópulus,Álamo,Salicaceas,266000,0,0,0,0,266000
32,Argentina,6,Buenos Aires,2002,Salicáceas,Sálix,Sauce,Salicaceas,198989,0,0,0,0,198989
32,Argentina,26,Chubut,2002,Salicáceas,Pópulus,Álamo,Salicaceas,1716,0,66,0,0,1782
32,Argentina,26,Chubut,2002,Salicáceas,Sálix,Sauce,Salicaceas,3,0,10838,1,47,10889
32,Argentina,14,Cordoba,2002,Salicáceas,Pópulus,Álamo,Salicaceas,10725,0,0,0,0,10725
32,Argentina,30,Entre Rios,2002,Salicáceas,Pópulus,Álamo,Salicaceas,34228,0,0,0,0,34228
32,Argentina,30,Entre Rios,2002,Salicáceas,Sálix,Sauce,Salicaceas,96774,0,0,0,0,96774
32,Argentina,38,Jujuy,2002,Salicáceas,Sálix,Sauce,Salicaceas,45,0,0,0,0,45
32,Argentina,42,La Pampa,2002,Salicáceas,Pópulus,Álamo,Salicaceas,9368,0,6,17,0,9391
32,Argentina,50,Mendoza,2002,Salicáceas,Pópulus,Álamo,Salicaceas,59841,0,0,0,0,59841
32,Argentina,58,Neuquen,2002,Salicáceas,Pópulus,Álamo,Salicaceas,15732,0,764,17,0,16513
32,Argentina,58,Neuquen,2002,Salicáceas,Sálix,Sauce,Salicaceas,100,0,0,0,0,100
32,Argentina,62,Rio Negro,2002,Salicáceas,Pópulus,Álamo,Salicaceas,50844,0,0,0,0,50844
32,Argentina,62,Rio Negro,2002,Salicáceas,Sálix,Sauce,Salicaceas,65851,0,440,0,0,66291
32,Argentina,82,Santa Fe,2002,Salicáceas,Sálix,Sauce,Salicaceas,1589,0,0,0,0,1589
32,Argentina,82,Santa Fe,2002,Salicáceas,Pópulus,Álamo,Salicaceas,2889,0,0,0,0,2889
32,Argentina,90,Tucuman,2002,Salicáceas,Pópulus,Álamo,Salicaceas,174,0,0,0,0,174
32,Argentina,6,Buenos Aires,2003,Salicáceas,Sálix,Sauce,Salicaceas,298870,0,0,0,0,298870
32,Argentina,6,Buenos Aires,2003,Salicáceas,Pópulus,Álamo,Salicaceas,99290,0,0,0,0,99290
32,Argentina,26,Chubut,2003,Salicáceas,Pópulus,Álamo,Salicaceas,2365,0,15,0,0,2380
32,Argentina,26,Chubut,2003,Salicáceas,Sálix,Sauce,Salicaceas,0,0,14981,30,22,15033
32,Argentina,14,Cordoba,2003,Salicáceas,Pópulus,Álamo,Salicaceas,12740,0,0,0,0,12740
32,Argentina,30,Entre Rios,2003,Salicáceas,Sálix,Sauce,Salicaceas,104067,0,0,0,0,104067
32,Argentina,30,Entre Rios,2003,Salicáceas,Pópulus,Álamo,Salicaceas,34504,0,0,0,0,34504
32,Argentina,38,Jujuy,2003,Salicáceas,Pópulus,Álamo,Salicaceas,101,0,0,0,0,101
32,Argentina,38,Jujuy,2003,Salicáceas,Sálix,Sauce,Salicaceas,153,0,0,0,0,153
32,Argentina,42,La Pampa,2003,Salicáceas,Pópulus,Álamo,Salicaceas,3900,0,42,6,0,3948
32,Argentina,50,Mendoza,2003,Salicáceas,Pópulus,Álamo,Salicaceas,217521,0,0,0,0,217521
32,Argentina,58,Neuquen,2003,Salicáceas,Pópulus,Álamo,Salicaceas,22214,0,764,17,0,22995
32,Argentina,62,Rio Negro,2003,Salicáceas,Pópulus,Álamo,Salicaceas,55066,0,10,54,1113,56243
32,Argentina,62,Rio Negro,2003,Salicáceas,Sálix,Sauce,Salicaceas,840,0,66,0,0,906
32,Argentina,82,Santa Fe,2003,Salicáceas,Sálix,Sauce,Salicaceas,22419,0,0,0,0,22419
32,Argentina,82,Santa Fe,2003,Salicáceas,Pópulus,Álamo,Salicaceas,28059,0,0,0,0,28059
32,Argentina,90,Tucuman,2003,Salicáceas,Pópulus,Álamo,Salicaceas,6048,0,0,0,0,6048
32,Argentina,6,Buenos Aires,2004,Salicáceas,Sálix,Sauce,Salicaceas,112272,0,0,0,0,112272
32,Argentina,6,Buenos Aires,2004,Salicáceas,Pópulus,Álamo,Salicaceas,66470,0,0,0,0,66470
32,Argentina,26,Chubut,2004,Salicáceas,Pópulus,Álamo,Salicaceas,3627,200,5,0,0,3832
32,Argentina,26,Chubut,2004,Salicáceas,Sálix,Sauce,Salicaceas,0,15768,49,190,0,16007
32,Argentina,14,Cordoba,2004,Salicáceas,Pópulus,Álamo,Salicaceas,15925,0,0,0,0,15925
32,Argentina,30,Entre Rios,2004,Salicáceas,Sálix,Sauce,Salicaceas,134297,0,0,0,0,134297
32,Argentina,30,Entre Rios,2004,Salicáceas,Pópulus,Álamo,Salicaceas,42277,0,0,0,0,42277
32,Argentina,38,Jujuy,2004,Salicáceas,Sálix,Sauce,Salicaceas,244,0,0,0,0,244
32,Argentina,42,La Pampa,2004,Salicáceas,Pópulus,Álamo,Salicaceas,7095,14,0,0,0,7109
32,Argentina,50,Mendoza,2004,Salicáceas,Pópulus,Álamo,Salicaceas,106858,0,0,0,0,106858
32,Argentina,50,Mendoza,2004,Salicáceas,Sálix,Sauce,Salicaceas,2267,0,0,0,0,2267
32,Argentina,58,Neuquen,2004,Salicáceas,Pópulus,Álamo,Salicaceas,29849,120,0,0,0,29969
32,Argentina,58,Neuquen,2004,Salicáceas,Sálix,Sauce,Salicaceas,0,746,7,0,0,753
32,Argentina,62,Rio Negro,2004,Salicáceas,Pópulus,Álamo,Salicaceas,57698,0,155,112,0,57965
32,Argentina,62,Rio Negro,2004,Salicáceas,Sálix,Sauce,Salicaceas,660,0,0,0,0,660
32,Argentina,82,Santa Fe,2004,Salicáceas,Pópulus,Álamo,Salicaceas,25270,0,0,0,0,25270
32,Argentina,82,Santa Fe,2004,Salicáceas,Sálix,Sauce,Salicaceas,1188,0,0,0,0,1188
32,Argentina,90,Tucuman,2004,Salicáceas,Pópulus,Álamo,Salicaceas,6048,0,0,0,0,6048
32,Argentina,6,Buenos Aires,2005,Salicáceas,Pópulus,Álamo,Salicaceas,120464,0,0,0,0,120464
32,Argentina,6,Buenos Aires,2005,Salicáceas,Sálix,Sauce,Salicaceas,399927,0,0,0,0,399927
32,Argentina,26,Chubut,2005,Salicáceas,Pópulus,Álamo,Salicaceas,2732,0,453,0,0,3185
32,Argentina,26,Chubut,2005,Salicáceas,Sálix,Sauce,Salicaceas,0,0,8855,27,24,8906
32,Argentina,14,Cordoba,2005,Salicáceas,Pópulus,Álamo,Salicaceas,15925,0,0,0,0,15925
32,Argentina,30,Entre Rios,2005,Salicáceas,Pópulus,Álamo,Salicaceas,27274,0,0,0,0,27274
32,Argentina,30,Entre Rios,2005,Salicáceas,Sálix,Sauce,Salicaceas,151158,0,0,0,0,151158
32,Argentina,42,La Pampa,2005,Salicáceas,Pópulus,Álamo,Salicaceas,9450,0,15,394,0,9859
32,Argentina,50,Mendoza,2005,Salicáceas,Pópulus,Álamo,Salicaceas,32129,0,0,0,0,32129
32,Argentina,50,Mendoza,2005,Salicáceas,Sálix,Sauce,Salicaceas,6836,0,0,0,0,6836
32,Argentina,58,Neuquen,2005,Salicáceas,Pópulus,Álamo,Salicaceas,25067,0,120,0,0,25187
32,Argentina,58,Neuquen,2005,Salicáceas,Sálix,Sauce,Salicaceas,350,0,746,7,0,1103
32,Argentina,62,Rio Negro,2005,Salicáceas,Pópulus,Álamo,Salicaceas,50712,0,27,388,160,51287
32,Argentina,62,Rio Negro,2005,Salicáceas,Sálix,Sauce,Salicaceas,2400,0,0,0,0,2400
32,Argentina,82,Santa Fe,2005,Salicáceas,Pópulus,Álamo,Salicaceas,24355,0,0,0,0,24355
32,Argentina,90,Tucuman,2005,Salicáceas,Pópulus,Álamo,Salicaceas,6048,0,0,0,0,6048
32,Argentina,6,Buenos Aires,2006,Salicáceas,Sálix,Sauce,Salicaceas,440303,0,0,0,0,440303
32,Argentina,6,Buenos Aires,2006,Salicáceas,Pópulus,Álamo,Salicaceas,77433,0,0,0,0,77433
32,Argentina,26,Chubut,2006,Salicáceas,Pópulus,Álamo,Salicaceas,1935,0,443,0,13,2391
32,Argentina,26,Chubut,2006,Salicáceas,Sálix,Sauce,Salicaceas,21,0,16995,71,205,17292
32,Argentina,14,Cordoba,2006,Salicáceas,Pópulus,Álamo,Salicaceas,15925,0,0,0,0,15925
32,Argentina,38,Jujuy,2006,Salicáceas,Sálix,Sauce,Salicaceas,171,0,0,0,0,171
32,Argentina,42,La Pampa,2006,Salicáceas,Pópulus,Álamo,Salicaceas,12782,0,97,2397,22,15298
32,Argentina,50,Mendoza,2006,Salicáceas,Pópulus,Álamo,Salicaceas,171888,0,0,0,0,171888
32,Argentina,58,Neuquen,2006,Salicáceas,Sálix,Sauce,Salicaceas,187,0,2014,3,0,2204
32,Argentina,58,Neuquen,2006,Salicáceas,Pópulus,Álamo,Salicaceas,41325,0,287,64,9,41685
32,Argentina,62,Rio Negro,2006,Salicáceas,Pópulus,Álamo,Salicaceas,51747,0,69,0,96,51912
32,Argentina,62,Rio Negro,2006,Salicáceas,Sálix,Sauce,Salicaceas,1170,0,0,0,0,1170
32,Argentina,82,Santa Fe,2006,Salicáceas,Sálix,Sauce,Salicaceas,2341,0,0,0,0,2341
32,Argentina,82,Santa Fe,2006,Salicáceas,Pópulus,Álamo,Salicaceas,25434,0,0,0,0,25434
32,Argentina,90,Tucuman,2006,Salicáceas,Pópulus,Álamo,Salicaceas,6048,0,0,0,0,6048
32,Argentina,6,Buenos Aires,2007,Salicáceas,Pópulus,Álamo,Salicaceas,181630,0,0,0,0,181630
32,Argentina,6,Buenos Aires,2007,Salicáceas,Sálix,Sauce,Salicaceas,283197,0,0,0,0,283197
32,Argentina,26,Chubut,2007,Salicáceas,Sálix,Sauce,Salicaceas,0,0,13255,0,0,13255
32,Argentina,26,Chubut,2007,Salicáceas,Pópulus,Álamo,Salicaceas,1259,0,140,0,0,1399
32,Argentina,14,Cordoba,2007,Salicáceas,Pópulus,Álamo,Salicaceas,21000,0,0,0,0,21000
32,Argentina,30,Entre Rios,2007,Salicáceas,Pópulus,Álamo,Salicaceas,248,0,0,0,0,248
32,Argentina,30,Entre Rios,2007,Salicáceas,Sálix,Sauce,Salicaceas,2531,0,0,0,0,2531
32,Argentina,38,Jujuy,2007,Salicáceas,Sálix,Sauce,Salicaceas,74,0,0,0,0,74
32,Argentina,38,Jujuy,2007,Salicáceas,Pópulus,Álamo,Salicaceas,266,0,0,0,0,266
32,Argentina,42,La Pampa,2007,Salicáceas,Pópulus,Álamo,Salicaceas,10778,0,193,1443,0,12414
32,Argentina,50,Mendoza,2007,Salicáceas,Pópulus,Álamo,Salicaceas,122823,0,0,0,0,122823
32,Argentina,58,Neuquen,2007,Salicáceas,Pópulus,Álamo,Salicaceas,37986,0,2799,4,0,40789
32,Argentina,58,Neuquen,2007,Salicáceas,Sálix,Sauce,Salicaceas,302,0,2107,0,0,2409
32,Argentina,62,Rio Negro,2007,Salicáceas,Pópulus,Álamo,Salicaceas,30866,0,63,2,1086,32017
32,Argentina,82,Santa Fe,2007,Salicáceas,Pópulus,Álamo,Salicaceas,22191,0,0,0,0,22191
32,Argentina,90,Tucuman,2007,Salicáceas,Pópulus,Álamo,Salicaceas,7800,0,0,0,0,7800
32,Argentina,6,Buenos Aires,2008,Salicáceas,Sálix,Sauce,Salicaceas,350250,0,0,0,0,350250
32,Argentina,6,Buenos Aires,2008,Salicáceas,Pópulus,Álamo,Salicaceas,110620,0,0,0,0,110620
32,Argentina,26,Chubut,2008,Salicáceas,Pópulus,Álamo,Salicaceas,2636,0,525,0,0,3161
32,Argentina,26,Chubut,2008,Salicáceas,Sálix,Sauce,Salicaceas,0,0,14756,0,0,14756
32,Argentina,14,Cordoba,2008,Salicáceas,Pópulus,Álamo,Salicaceas,21000,0,0,0,0,21000
32,Argentina,30,Entre Rios,2008,Salicáceas,Pópulus,Álamo,Salicaceas,561,0,0,0,0,561
32,Argentina,30,Entre Rios,2008,Salicáceas,Sálix,Sauce,Salicaceas,3337,0,0,0,0,3337
32,Argentina,38,Jujuy,2008,Salicáceas,Pópulus,Álamo,Salicaceas,69,0,0,0,0,69
32,Argentina,42,La Pampa,2008,Salicáceas,Pópulus,Álamo,Salicaceas,11788,0,62,1777,0,13627
32,Argentina,50,Mendoza,2008,Salicáceas,Pópulus,Álamo,Salicaceas,105560,0,0,0,0,105560
32,Argentina,58,Neuquen,2008,Salicáceas,Pópulus,Álamo,Salicaceas,24486,0,793,125,0,25404
32,Argentina,58,Neuquen,2008,Salicáceas,Sálix,Sauce,Salicaceas,302,0,626,1,3,932
32,Argentina,62,Rio Negro,2008,Salicáceas,Pópulus,Álamo,Salicaceas,37445,0,32,0,2021,39498
32,Argentina,82,Santa Fe,2008,Salicáceas,Pópulus,Álamo,Salicaceas,20400,0,0,0,0,20400
32,Argentina,6,Buenos Aires,2009,Salicáceas,Pópulus,Álamo,Salicaceas,127622,0,0,0,0,127622
32,Argentina,6,Buenos Aires,2009,Salicáceas,Sálix,Sauce,Salicaceas,277810,0,0,0,0,277810
32,Argentina,26,Chubut,2009,Salicáceas,Pópulus,Álamo,Salicaceas,1567,0,189,8,0,1764
32,Argentina,26,Chubut,2009,Salicáceas,Sálix,Sauce,Salicaceas,2,0,5313,20,0,5335
32,Argentina,14,Cordoba,2009,Salicáceas,Pópulus,Álamo,Salicaceas,21000,0,0,0,0,21000
32,Argentina,30,Entre Rios,2009,Salicáceas,Pópulus,Álamo,Salicaceas,163,0,0,0,0,163
32,Argentina,30,Entre Rios,2009,Salicáceas,Sálix,Sauce,Salicaceas,5541,0,0,0,0,5541
32,Argentina,42,La Pampa,2009,Salicáceas,Pópulus,Álamo,Salicaceas,5600,0,31,807,0,6438
32,Argentina,50,Mendoza,2009,Salicáceas,Sálix,Sauce,Salicaceas,154,0,0,0,0,154
32,Argentina,50,Mendoza,2009,Salicáceas,Pópulus,Álamo,Salicaceas,63560,0,0,0,0,63560
32,Argentina,58,Neuquen,2009,Salicáceas,Pópulus,Álamo,Salicaceas,22446,0,759,21,0,23226
32,Argentina,58,Neuquen,2009,Salicáceas,Sálix,Sauce,Salicaceas,168,0,526,0,0,694
32,Argentina,62,Rio Negro,2009,Salicáceas,Pópulus,Álamo,Salicaceas,24650,0,60,0,1563,26273
32,Argentina,62,Rio Negro,2009,Salicáceas,Sálix,Sauce,Salicaceas,1293,0,0,0,0,1293
32,Argentina,82,Santa Fe,2009,Salicáceas,Pópulus,Álamo,Salicaceas,16806,0,0,0,0,16806
32,Argentina,82,Santa Fe,2009,Salicáceas,Sálix,Sauce,Salicaceas,911,0,0,0,0,911
32,Argentina,6,Buenos Aires,2010,Salicáceas,Pópulus,Álamo,Salicaceas,178846,0,0,0,0,178846
32,Argentina,6,Buenos Aires,2010,Salicáceas,Sálix,Sauce,Salicaceas,258924,0,0,0,0,258924
32,Argentina,14,Cordoba,2010,Salicáceas,Pópulus,Álamo,Salicaceas,21000,0,0,0,0,21000
32,Argentina,30,Entre Rios,2010,Salicáceas,Sálix,Sauce,Salicaceas,20802,0,0,0,0,20802
32,Argentina,30,Entre Rios,2010,Salicáceas,Pópulus,Álamo,Salicaceas,2094,0,0,0,0,2094
32,Argentina,38,Jujuy,2010,Salicáceas,Pópulus,Álamo,Salicaceas,45,0,0,0,0,45
32,Argentina,38,Jujuy,2010,Salicáceas,Sálix,Sauce,Salicaceas,73,0,0,0,0,73
32,Argentina,42,La Pampa,2010,Salicáceas,Pópulus,Álamo,Salicaceas,3587,0,0,1751,0,5338
32,Argentina,50,Mendoza,2010,Salicáceas,Pópulus,Álamo,Salicaceas,99107,0,0,0,0,99107
32,Argentina,50,Mendoza,2010,Salicáceas,Sálix,Sauce,Salicaceas,377,0,0,0,0,377
32,Argentina,58,Neuquen,2010,Salicáceas,Pópulus,Álamo,Salicaceas,23605,0,74,11,0,23690
32,Argentina,58,Neuquen,2010,Salicáceas,Sálix,Sauce,Salicaceas,26,0,608,0,900,1534
32,Argentina,62,Rio Negro,2010,Salicáceas,Pópulus,Álamo,Salicaceas,23252,0,6,16,1737,25011
32,Argentina,62,Rio Negro,2010,Salicáceas,Sálix,Sauce,Salicaceas,325,0,0,0,0,325
32,Argentina,82,Santa Fe,2010,Salicáceas,Pópulus,Álamo,Salicaceas,20619,0,0,0,0,20619
32,Argentina,82,Santa Fe,2010,Salicáceas,Sálix,Sauce,Salicaceas,200,0,0,0,0,200
32,Argentina,6,Buenos Aires,2011,Salicáceas,Pópulus,Álamo,Salicaceas,175046,0,0,0,0,175046
32,Argentina,6,Buenos Aires,2011,Salicáceas,Sálix,Sauce,Salicaceas,231938,0,0,0,0,231938
32,Argentina,26,Chubut,2011,Salicáceas,Pópulus,Álamo,Salicaceas,1522,0,167,5,11,1705
32,Argentina,26,Chubut,2011,Salicáceas,Sálix,Sauce,Salicaceas,0,0,11625,26,15,11666
32,Argentina,14,Cordoba,2011,Salicáceas,Pópulus,Álamo,Salicaceas,0,0,1230,0,0,1230
32,Argentina,30,Entre Rios,2011,Salicáceas,Sálix,Sauce,Salicaceas,22878,0,0,0,0,22878
32,Argentina,30,Entre Rios,2011,Salicáceas,Pópulus,Álamo,Salicaceas,4806,0,0,0,0,4806
32,Argentina,42,La Pampa,2011,Salicáceas,Pópulus,Álamo,Salicaceas,4031,0,0,595,0,4626
32,Argentina,50,Mendoza,2011,Salicáceas,Pópulus,Álamo,Salicaceas,99107,0,0,0,0,99107
32,Argentina,50,Mendoza,2011,Salicáceas,Sálix,Sauce,Salicaceas,187,0,0,0,0,187
32,Argentina,58,Neuquen,2011,Salicáceas,Pópulus,Álamo,Salicaceas,23379,0,260,0,0,23639
32,Argentina,58,Neuquen,2011,Salicáceas,Sálix,Sauce,Salicaceas,198,0,1204,0,0,1402
32,Argentina,62,Rio Negro,2011,Salicáceas,Pópulus,Álamo,Salicaceas,34429,0,427,8,1453,36317
32,Argentina,62,Rio Negro,2011,Salicáceas,Sálix,Sauce,Salicaceas,5,0,25,0,0,30
32,Argentina,82,Santa Fe,2011,Salicáceas,Pópulus,Álamo,Salicaceas,11352,0,0,0,0,11352
32,Argentina,6,Buenos Aires,2012,Salicáceas,Pópulus,Álamo,Salicaceas,155432,0,0,0,0,155432
32,Argentina,6,Buenos Aires,2012,Salicáceas,Sálix,Sauce,Salicaceas,230001,0,0,0,0,230001
32,Argentina,26,Chubut,2012,Salicáceas,Pópulus,Álamo,Salicaceas,947,0,167,0,8,1122
32,Argentina,26,Chubut,2012,Salicáceas,Sálix,Sauce,Salicaceas,0,0,11625,30,15,11670
32,Argentina,30,Entre Rios,2012,Salicáceas,Sálix,Sauce,Salicaceas,10623,0,0,0,0,10623
32,Argentina,38,Jujuy,2012,Salicáceas,Pópulus,Álamo,Salicaceas,45,0,0,0,0,45
32,Argentina,38,Jujuy,2012,Salicáceas,Sálix,Sauce,Salicaceas,49,0,0,0,0,49
32,Argentina,42,La Pampa,2012,Salicáceas,Pópulus,Álamo,Salicaceas,3764,0,0,1582,0,5346
32,Argentina,50,Mendoza,2012,Salicáceas,Pópulus,Álamo,Salicaceas,99107,0,0,0,0,99107
32,Argentina,58,Neuquen,2012,Salicáceas,Pópulus,Álamo,Salicaceas,18152,0,613,0,0,18765
32,Argentina,58,Neuquen,2012,Salicáceas,Sálix,Sauce,Salicaceas,125,0,0,0,0,125
32,Argentina,62,Rio Negro,2012,Salicáceas,Sálix,Sauce,Salicaceas,881,0,102,0,0,983
32,Argentina,62,Rio Negro,2012,Salicáceas,Pópulus,Álamo,Salicaceas,17392,0,25,64,1684,19165
32,Argentina,82,Santa Fe,2012,Salicáceas,Pópulus,Álamo,Salicaceas,4719,0,0,0,0,4719
32,Argentina,82,Santa Fe,2012,Salicáceas,Sálix,Sauce,Salicaceas,1479,0,0,0,0,1479
32,Argentina,6,Buenos Aires,2013,Salicáceas,Sálix,Sauce,Salicaceas,152705,0,0,0,0,152705
32,Argentina,6,Buenos Aires,2013,Salicáceas,Pópulus,Álamo,Salicaceas,137736,0,0,0,0,137736
32,Argentina,26,Chubut,2013,Salicáceas,Pópulus,Álamo,Salicaceas,1310,0,249,0,205,1764
32,Argentina,26,Chubut,2013,Salicáceas,Sálix,Sauce,Salicaceas,0,0,9002,5,14,9021
32,Argentina,14,Cordoba,2013,Salicáceas,Pópulus,Álamo,Salicaceas,0,0,3312,0,0,3312
32,Argentina,30,Entre Rios,2013,Salicáceas,Pópulus,Álamo,Salicaceas,54163,0,0,0,0,54163
32,Argentina,30,Entre Rios,2013,Salicáceas,Sálix,Sauce,Salicaceas,63868,0,0,0,0,63868
32,Argentina,38,Jujuy,2013,Salicáceas,Pópulus,Álamo,Salicaceas,0,0,182,0,0,182
32,Argentina,42,La Pampa,2013,Salicáceas,Pópulus,Álamo,Salicaceas,1446,0,300,515,0,2261
32,Argentina,50,Mendoza,2013,Salicáceas,Pópulus,Álamo,Salicaceas,99107,0,0,0,0,99107
32,Argentina,50,Mendoza,2013,Salicáceas,Sálix,Sauce,Salicaceas,2753,0,0,0,0,2753
32,Argentina,58,Neuquen,2013,Salicáceas,Pópulus,Álamo,Salicaceas,18605,0,831,150,0,19586
32,Argentina,62,Rio Negro,2013,Salicáceas,Pópulus,Álamo,Salicaceas,28515,0,15,123,2649,31302
32,Argentina,62,Rio Negro,2013,Salicáceas,Sálix,Sauce,Salicaceas,0,0,184,0,0,184
32,Argentina,6,Buenos Aires,2014,Salicáceas,Pópulus,Álamo,Salicaceas,134082,0,0,0,0,134082
32,Argentina,6,Buenos Aires,2014,Salicáceas,Sálix,Sauce,Salicaceas,74585,0,0,0,0,74585
32,Argentina,26,Chubut,2014,Salicáceas,Pópulus,Álamo,Salicaceas,1154,0,213,0,12,1379
32,Argentina,26,Chubut,2014,Salicáceas,Sálix,Sauce,Salicaceas,0,0,6525,1,0,6526
32,Argentina,14,Cordoba,2014,Salicáceas,Pópulus,Álamo,Salicaceas,24500,0,0,0,0,24500
32,Argentina,30,Entre Rios,2014,Salicáceas,Pópulus,Álamo,Salicaceas,47734,0,0,0,0,47734
32,Argentina,30,Entre Rios,2014,Salicáceas,Sálix,Sauce,Salicaceas,107471,0,0,0,0,107471
32,Argentina,38,Jujuy,2014,Salicáceas,Pópulus,Álamo,Salicaceas,46,0,0,0,0,46
32,Argentina,42,La Pampa,2014,Salicáceas,Pópulus,Álamo,Salicaceas,1420,0,0,120,0,1540
32,Argentina,50,Mendoza,2014,Salicáceas,Pópulus,Álamo,Salicaceas,99107,0,0,0,0,99107
32,Argentina,58,Neuquen,2014,Salicáceas,Sálix,Sauce,Salicaceas,98,0,22,0,0,120
32,Argentina,58,Neuquen,2014,Salicáceas,Pópulus,Álamo,Salicaceas,8624,0,1196,40,0,9860
32,Argentina,62,Rio Negro,2014,Salicáceas,Pópulus,Álamo,Salicaceas,28842,0,0,6,0,28848
32,Argentina,62,Rio Negro,2014,Salicáceas,Sálix,Sauce,Salicaceas,17,0,8,0,0,25
32,Argentina,82,Santa Fe,2014,Salicáceas,Pópulus,Álamo,Salicaceas,19586,0,0,0,0,19586
32,Argentina,6,Buenos Aires,2015,Salicáceas,Pópulus,Álamo,Salicaceas,158950,0,0,0,0,158950
32,Argentina,6,Buenos Aires,2015,Salicáceas,Sálix,Sauce,Salicaceas,152283,0,0,0,0,152283
32,Argentina,26,Chubut,2015,Salicáceas,Pópulus,Álamo,Salicaceas,908,0,362,0,0,1270
32,Argentina,30,Entre Rios,2015,Salicáceas,Pópulus,Álamo,Salicaceas,17843,0,0,0,0,17843
32,Argentina,30,Entre Rios,2015,Salicáceas,Sálix,Sauce,Salicaceas,35690,0,0,0,0,35690
32,Argentina,38,Jujuy,2015,Salicáceas,Pópulus,Álamo,Salicaceas,46,0,0,0,0,46
32,Argentina,38,Jujuy,2015,Salicáceas,Sálix,Sauce,Salicaceas,382,0,0,0,0,382
32,Argentina,42,La Pampa,2015,Salicáceas,Pópulus,Álamo,Salicaceas,2275,0,102,65,0,2442
32,Argentina,50,Mendoza,2015,Salicáceas,Pópulus,Álamo,Salicaceas,94999,0,0,0,0,94999
32,Argentina,50,Mendoza,2015,Salicáceas,Sálix,Sauce,Salicaceas,1044,0,0,0,0,1044
32,Argentina,58,Neuquen,2015,Salicáceas,Pópulus,Álamo,Salicaceas,17386,0,830,307,14,18537
32,Argentina,62,Rio Negro,2015,Salicáceas,Pópulus,Álamo,Salicaceas,26545,0,0,27,0,26572
32,Argentina,62,Rio Negro,2015,Salicáceas,Sálix,Sauce,Salicaceas,0,0,0,0,0,0
32,Argentina,82,Santa Fe,2015,Salicáceas,Pópulus,Álamo,Salicaceas,6542,0,0,0,0,6542
32,Argentina,66,Salta,2015,Salicáceas,Sálix,Sauce,Salicaceas,241,0,0,0,0,241
32,Argentina,70,San Juan,2015,Salicáceas,Pópulus,Álamo,Salicaceas,8012,0,0,0,19457,27469
32,Argentina,90,Tucuman,2015,Salicáceas,Pópulus,Álamo,Salicaceas,319,0,0,0,0,319
32,Argentina,6,Buenos Aires,2016,Salicáceas,Pópulus,Álamo,Salicaceas,237404,0,0,39,0,237443
32,Argentina,6,Buenos Aires,2016,Salicáceas,Sálix,Sauce,Salicaceas,61096,0,0,0,0,61096
32,Argentina,26,Chubut,2016,Salicáceas,Pópulus,Álamo,Salicaceas,945,0,171,0,0,1116
32,Argentina,26,Chubut,2016,Salicáceas,Sálix,Sauce,Salicaceas,0,0,4730,0,0,4730
32,Argentina,30,Entre Rios,2016,Salicáceas,Pópulus,Álamo,Salicaceas,36971,0,0,0,0,36971
32,Argentina,30,Entre Rios,2016,Salicáceas,Sálix,Sauce,Salicaceas,28818,0,0,0,0,28818
32,Argentina,38,Jujuy,2016,Salicáceas,Sálix,Sauce,Salicaceas,359,0,0,0,0,359
32,Argentina,42,La Pampa,2016,Salicáceas,Pópulus,Álamo,Salicaceas,959,0,0,20,0,979
32,Argentina,50,Mendoza,2016,Salicáceas,Pópulus,Álamo,Salicaceas,105260,0,0,0,0,105260
32,Argentina,50,Mendoza,2016,Salicáceas,Sálix,Sauce,Salicaceas,1044,0,0,0,0,1044
32,Argentina,58,Neuquen,2016,Salicáceas,Pópulus,Álamo,Salicaceas,17890,0,552,0,0,18442
32,Argentina,58,Neuquen,2016,Salicáceas,Sálix,Sauce,Salicaceas,0,0,864,2,59,925
32,Argentina,62,Rio Negro,2016,Salicáceas,Pópulus,Álamo,Salicaceas,26545,0,0,27,0,26572
32,Argentina,82,Santa Fe,2016,Salicáceas,Pópulus,Álamo,Salicaceas,13099,0,0,0,0,13099
32,Argentina,66,Salta,2016,Salicáceas,Sálix,Sauce,Salicaceas,241,0,4631,0,0,4872
32,Argentina,70,San Juan,2016,Salicáceas,Pópulus,Álamo,Salicaceas,8012,0,0,0,19457,27469
32,Argentina,90,Tucuman,2016,Salicáceas,Pópulus,Álamo,Salicaceas,921,0,0,0,0,921
32,Argentina,90,Tucuman,2016,Salicáceas,Sálix,Sauce,Salicaceas,0,0,0,0,9,9
32,Argentina,6,Buenos Aires,2017,Salicáceas,Pópulus,Álamo,Salicaceas,302042,0,157,0,0,302199
32,Argentina,6,Buenos Aires,2017,Salicáceas,Sálix,Sauce,Salicaceas,50143,0,90,5,0,50238
32,Argentina,26,Chubut,2017,Salicáceas,Pópulus,Álamo,Salicaceas,1015,0,0,0,0,1015
32,Argentina,26,Chubut,2017,Salicáceas,Sálix,Sauce,Salicaceas,13214,0,0,0,0,13214
32,Argentina,30,Entre Rios,2017,Salicáceas,Pópulus,Álamo,Salicaceas,20194,0,0,0,0,20194
32,Argentina,30,Entre Rios,2017,Salicáceas,Sálix,Sauce,Salicaceas,38241,0,0,0,0,38241
32,Argentina,42,La Pampa,2017,Salicáceas,Pópulus,Álamo,Salicaceas,425,0,0,109,0,534
32,Argentina,50,Mendoza,2017,Salicáceas,Pópulus,Álamo,Salicaceas,88254,0,0,0,0,88254
32,Argentina,50,Mendoza,2017,Salicáceas,Sálix,Sauce,Salicaceas,1044,0,0,0,0,1044
32,Argentina,58,Neuquen,2017,Salicáceas,Pópulus,Álamo,Salicaceas,19622,0,731,10,21,20384
32,Argentina,58,Neuquen,2017,Salicáceas,Sálix,Sauce,Salicaceas,0,0,1376,5,0,1381
32,Argentina,62,Rio Negro,2017,Salicáceas,Pópulus,Álamo,Salicaceas,18697,0,580,133,0,19410
32,Argentina,82,Santa Fe,2017,Salicáceas,Pópulus,Álamo,Salicaceas,8848,0,0,0,0,8848
32,Argentina,70,San Juan,2017,Salicáceas,Pópulus,Álamo,Salicaceas,8012,0,0,0,19457,27469
32,Argentina,90,Tucuman,2017,Salicáceas,Pópulus,Álamo,Salicaceas,981,0,200,0,0,1181
