pais_id,pais,provincia_id,provincia,departamento_id,departamento,link,sup_eap,rieg_tot,gravit,asper,loc_got,loc_mic,loc_ot,sin_disc,p_sup_rega
032,Argentina,6,Buenos Aires,00,San Fernando (Islas),0,-1,-1,-1,-1,-1,-1,-1,-1,-1.00
032,Argentina,2,Caba,001,Comuna 01,2001,-1,-1,-1,-1,-1,-1,-1,-1,-1.00
032,Argentina,2,Caba,002,Comuna 02,2002,-1,-1,-1,-1,-1,-1,-1,-1,-1.00
032,Argentina,2,Caba,003,Comuna 03,2003,-1,-1,-1,-1,-1,-1,-1,-1,-1.00
032,Argentina,2,Caba,004,Comuna 04,2004,-1,-1,-1,-1,-1,-1,-1,-1,-1.00
032,Argentina,2,Caba,005,Comuna 05,2005,-1,-1,-1,-1,-1,-1,-1,-1,-1.00
032,Argentina,2,Caba,006,Comuna 06,2006,-1,-1,-1,-1,-1,-1,-1,-1,-1.00
032,Argentina,6,Buenos Aires,007,Adolfo Alsina,6007,450109,7,-1,7,-1,-1,-1,-1,0.00
032,Argentina,42,La Pampa,007,Atreuco,42007,381172.5,-1,-1,-1,-1,-1,-1,-1,-1.00
032,Argentina,46,La Rioja,007,Arauco,46007,18212.8,9964.4,1738.3,-1,8165,60,1.1,-1,54.71
032,Argentina,38,Jujuy,007,Cochinoca,38007,177192.9,9.2,9.2,-1,-1,-1,-1,-1,0.01
032,Argentina,34,Formosa,007,Bermejo,34007,615191.7,1042,22,1020,-1,-1,-1,-1,0.17
032,Argentina,66,Salta,007,Anta,66007,1065854.7,57563.6,37933.4,17575,1965.2,-1,90,-1,5.40
032,Argentina,22,Chaco,007,Almirante Brown,22007,517819,-1,-1,-1,-1,-1,-1,-1,-1.00
032,Argentina,90,Tucuman,007,Burruyacu,90007,352336.9,7856.5,5159,689,705,1230,73.5,-1,2.23
032,Argentina,10,Catamarca,007,Ambato,10007,148610.5,1795.1,892.6,-1,572,330.5,-1,-1,1.21
032,Argentina,54,Misiones,007,Apostoles,54007,108516,53,4,35,-1,3.5,10.5,-1,0.05
032,Argentina,18,Corrientes,007,Bella Vista,18007,123507.9,1795.4,1015.1,46.4,566.1,8.8,159,-1,1.45
032,Argentina,86,Santiago Del Estero,007,Aguirre,86007,252711,225,50,-1,-1,-1,175,-1,0.09
032,Argentina,70,San Juan,007,Albardon,70007,6834.3,2552.2,1566.8,372.9,0,612.5,-1,-1,37.34
032,Argentina,14,Cordoba,007,Calamuchita,14007,272317.7,347,23,324,-1,-1,-1,-1,0.13
032,Argentina,74,San Luis,007,Ayacucho,74007,506925.5,3018.6,748.6,2270,-1,-1,-1,-1,0.60
032,Argentina,82,Santa Fe,007,Belgrano,82007,226552.3,-1,-1,-1,-1,-1,-1,-1,-1.00
032,Argentina,50,Mendoza,007,Capital,50007,1.7,1.6,1.6,-1,0,-1,-1,-1,94.12
032,Argentina,2,Caba,007,Comuna 07,2007,-1,-1,-1,-1,-1,-1,-1,-1,-1.00
032,Argentina,58,Neuquen,007,Alumine,58007,131900.7,39.9,5.1,7.3,3.2,-1,24.3,-1,0.03
032,Argentina,62,Rio Negro,007,Adolfo Alsina,62007,698121,9768.4,9583.5,-1,184.9,-1,-1,-1,1.40
032,Argentina,26,Chubut,007,Biedma,26007,1185525.2,-1,-1,-1,-1,-1,-1,-1,-1.00
032,Argentina,78,Santa Cruz,007,Corpen Aike,78007,2410530,3210,-1,3210,-1,-1,-1,-1,0.13
032,Argentina,94,Tierra Del Fuego,007,Rio Grande,94007,1069059,-1,-1,-1,-1,-1,-1,-1,-1.00
032,Argentina,30,Entre Rios,008,Colon,30008,248531.2,6384.7,5849,12.5,288.2,235,-1,-1,2.57
032,Argentina,2,Caba,008,Comuna 08,2008,-1,-1,-1,-1,-1,-1,-1,-1,-1.00
032,Argentina,2,Caba,009,Comuna 09,2009,-1,-1,-1,-1,-1,-1,-1,-1,-1.00
032,Argentina,2,Caba,010,Comuna 10,2010,-1,-1,-1,-1,-1,-1,-1,-1,-1.00
032,Argentina,2,Caba,011,Comuna 11,2011,-1,-1,-1,-1,-1,-1,-1,-1,-1.00
032,Argentina,2,Caba,012,Comuna 12,2012,-1,-1,-1,-1,-1,-1,-1,-1,-1.00
032,Argentina,2,Caba,013,Comuna 13,2013,-1,-1,-1,-1,-1,-1,-1,-1,-1.00
032,Argentina,18,Corrientes,014,Beron De Astrada,18014,66731.1,2720,2720,-1,-1,-1,-1,-1,4.08
032,Argentina,66,Salta,014,Cachi,66014,28263.6,1633.6,1632.6,-1,1,-1,-1,-1,5.78
032,Argentina,10,Catamarca,014,Ancasti,10014,14262.1,4,-1,4,-1,-1,-1,-1,0.03
032,Argentina,46,La Rioja,014,Capital,46014,623126.7,10638.4,483.5,1435.5,8469.4,250,-1,-1,1.71
032,Argentina,38,Jujuy,014,El Carmen,38014,68999.6,21683.8,21407.4,60,155.7,60.7,-1,-1,31.43
032,Argentina,34,Formosa,014,Formosa,34014,594462.6,37.8,20.1,6.9,-1,-1,10.8,-1,0.01
032,Argentina,86,Santiago Del Estero,014,Alberdi,86014,504914.5,-1,-1,-1,-1,-1,-1,-1,-1.00
032,Argentina,90,Tucuman,014,Cruz Alta,90014,79417.4,12309.2,5822.2,4493.5,1955,-1,38.5,-1,15.50
032,Argentina,22,Chaco,014,Bermejo,22014,184843.7,4494.3,4479.8,3,7,-1,4.5,-1,2.43
032,Argentina,54,Misiones,014,Cainguas,54014,42365.9,0.1,-1,0.1,-1,-1,-1,-1,0.00
032,Argentina,70,San Juan,014,Angaco,70014,10798.9,2751.9,1134.3,1603.1,0,14.5,-1,-1,25.48
032,Argentina,14,Cordoba,014,Capital,14014,22237.7,6844,6806.7,28.5,5.6,0.8,2.4,-1,30.78
032,Argentina,74,San Luis,014,Belgrano,74014,428343.6,36.5,36.5,-1,-1,-1,-1,-1,0.01
032,Argentina,82,Santa Fe,014,Caseros,82014,340304.3,288,165.5,111,11.5,-1,-1,-1,0.08
032,Argentina,50,Mendoza,014,General Alvear,50014,1065206.1,16252.2,8654.5,7261.5,0,194.2,138,4,1.53
032,Argentina,2,Caba,014,Comuna 14,2014,-1,-1,-1,-1,-1,-1,-1,-1,-1.00
032,Argentina,58,Neuquen,014,Anelo,58014,32271.3,4933.1,3777.3,15.4,954.8,184.6,1,-1,15.29
032,Argentina,6,Buenos Aires,014,Adolfo Gonzales Chaves,6014,302585.5,11596,-1,8516,3080,-1,-1,-1,3.83
032,Argentina,42,La Pampa,014,Caleu Caleu,42014,867580,40,40,-1,-1,-1,-1,-1,0.00
032,Argentina,62,Rio Negro,014,Avellaneda,62014,1843279,18337.1,16533.6,874,370.5,502,57,-1,0.99
032,Argentina,26,Chubut,014,Cushamen,26014,1115873.8,2012.6,1793.7,121.7,43.7,0.4,53.1,-1,0.18
032,Argentina,78,Santa Cruz,014,Deseado,78014,5680968,0.5,-1,0.5,-1,-1,-1,-1,0.00
032,Argentina,94,Tierra Del Fuego,014,Ushuaia,94014,102688.1,0.4,-1,-1,0.3,-1,0.1,-1,0.00
032,Argentina,30,Entre Rios,015,Concordia,30015,269249.7,6595.2,2993.5,1377.3,1867.9,330.8,25.7,-1,2.45
032,Argentina,2,Caba,015,Comuna 15,2015,-1,-1,-1,-1,-1,-1,-1,-1,-1.00
032,Argentina,22,Chaco,021,Comandante Fernandez,22021,164989.9,9.4,2,6.2,1.2,-1,-1,-1,0.01
032,Argentina,46,La Rioja,021,Castro Barros,46021,6159.5,867.5,611.7,-1,255.8,-1,-1,-1,14.08
032,Argentina,82,Santa Fe,021,Castellanos,82021,656992.5,11,-1,6,5,-1,-1,-1,0.00
032,Argentina,6,Buenos Aires,021,Alberti,6021,117296.7,-1,-1,-1,-1,-1,-1,-1,-1.00
032,Argentina,42,La Pampa,021,Capital,42021,273208.3,14.8,2.5,-1,12.3,-1,-1,-1,0.01
032,Argentina,66,Salta,021,Cafayate,66021,107649.4,1623.1,1028.9,5,589.2,-1,-1,-1,1.51
032,Argentina,38,Jujuy,021,Dr. Manuel Belgrano,38021,80864.6,428.1,415.1,-1,0.5,-1,12.5,-1,0.53
032,Argentina,34,Formosa,021,Laishi,34021,306454.1,2058.1,2050,4.1,-1,-1,4,-1,0.67
032,Argentina,90,Tucuman,021,Chicligasta,90021,25994.7,3641,968,2672,1,-1,-1,-1,14.01
032,Argentina,10,Catamarca,021,Andalgala,10021,126455.6,1911,1404.7,506.3,-1,-1,-1,-1,1.51
032,Argentina,18,Corrientes,021,Capital,18021,20519.5,48.2,17.5,22.9,6.5,-1,1.3,-1,0.23
032,Argentina,54,Misiones,021,Candelaria,54021,47064.4,13.9,-1,0.5,0.5,-1,12.9,-1,0.03
032,Argentina,86,Santiago Del Estero,021,Atamisqui,86021,11278.9,2,2,-1,-1,-1,-1,-1,0.02
032,Argentina,70,San Juan,021,Calingasta,70021,10106.4,4211.6,3000.9,736,0,205.2,269.5,-1,41.67
032,Argentina,14,Cordoba,021,Colon,14021,173020.2,5611,3603.4,1986.3,18.8,-1,-1,2.5,3.24
032,Argentina,30,Entre Rios,021,Diamante,30021,242542.2,178.2,-1,178.1,0.1,-1,-1,-1,0.07
032,Argentina,74,San Luis,021,Coronel Pringles,74021,301784,7571,46,7525,-1,-1,-1,-1,2.51
032,Argentina,50,Mendoza,021,Godoy Cruz,50021,-1,-1,-1,-1,0,-1,-1,-1,-1.00
032,Argentina,58,Neuquen,021,Catan Lil,58021,216053.6,6.8,6.8,-1,-1,-1,-1,-1,0.00
032,Argentina,62,Rio Negro,021,Bariloche,62021,229782.5,530.7,346.1,136.9,17,13.1,17.6,-1,0.23
032,Argentina,26,Chubut,021,Escalante,26021,1235458.7,6,-1,-1,6,-1,-1,-1,0.00
032,Argentina,78,Santa Cruz,021,Guer Aike,78021,3298078.3,115,115,-1,-1,-1,-1,-1,0.00
032,Argentina,22,Chaco,028,Chacabuco,22028,104907.5,0.3,-1,-1,0.3,-1,-1,-1,0.00
032,Argentina,42,La Pampa,028,Catrilo,42028,239812,0.2,-1,-1,0.2,-1,-1,-1,0.00
032,Argentina,34,Formosa,028,Matacos,34028,161563,-1,-1,-1,-1,-1,-1,-1,-1.00
032,Argentina,46,La Rioja,028,Coronel Felipe Varela,46028,7176,1315.7,1190.1,0.8,124.8,-1,-1,-1,18.33
032,Argentina,62,Rio Negro,028,Conesa,62028,901437.6,5115.4,4873.9,240,1.5,-1,-1,-1,0.57
032,Argentina,38,Jujuy,028,Humahuaca,38028,10762.6,613.4,613.4,-1,-1,-1,-1,-1,5.70
032,Argentina,66,Salta,028,Capital,66028,58197,474.7,474.4,0.1,0.1,-1,0.1,-1,0.82
032,Argentina,10,Catamarca,028,Antofagasta De La Sierra,10028,398.9,177.3,177.3,-1,-1,-1,-1,-1,44.45
032,Argentina,90,Tucuman,028,Famailla,90028,49628.6,1350.1,263.7,132.4,78,70,806,-1,2.72
032,Argentina,54,Misiones,028,Capital,54028,62677.5,11.6,-1,4.3,5,0.8,1.5,-1,0.02
032,Argentina,86,Santiago Del Estero,028,Avellaneda,86028,57963.9,4000.2,4000.2,-1,-1,-1,-1,-1,6.90
032,Argentina,18,Corrientes,028,Concepcion,18028,394374.4,1026.1,834,90,100.1,-1,2,-1,0.26
032,Argentina,14,Cordoba,028,Cruz Del Eje,14028,400052.6,6124.2,6124.2,-1,-1,-1,-1,-1,1.53
032,Argentina,30,Entre Rios,028,Federacion,30028,315408,8636.6,7422.5,199.2,991.7,23,0.2,-1,2.74
032,Argentina,70,San Juan,028,Capital,70028,-1,-1,-1,-1,0,-1,-1,-1,-1.00
032,Argentina,74,San Luis,028,Chacabuco,74028,205908.5,374,316,55,3,-1,-1,-1,0.18
032,Argentina,50,Mendoza,028,Guaymallen,50028,8251.9,5026,4540.7,434.7,0,41.3,3,6.3,60.91
032,Argentina,82,Santa Fe,028,Constitucion,82028,269216.6,661.9,3.4,656,-1,-1,2.5,-1,0.25
032,Argentina,6,Buenos Aires,028,Almirante Brown,6028,387.8,25,-1,20,5,-1,-1,-1,6.45
032,Argentina,58,Neuquen,028,Collon Cura,58028,258846.2,18.5,18.5,-1,-1,-1,-1,-1,0.01
032,Argentina,26,Chubut,028,Florentino Ameghino,26028,1579967,-1,-1,-1,-1,-1,-1,-1,-1.00
032,Argentina,78,Santa Cruz,028,Lago Argentino,78028,2579550,120,120,-1,-1,-1,-1,-1,0.00
032,Argentina,66,Salta,035,Cerrillos,66035,35252,7326.8,7284.7,0.1,30.9,11.1,-1,-1,20.78
032,Argentina,86,Santiago Del Estero,035,Banda,86035,87807.7,11749.3,11714.3,-1,32,-1,3,-1,13.38
032,Argentina,50,Mendoza,035,Junin,50035,20322.8,13820.8,9701.7,3994.8,0,81.9,-1,42.4,68.01
032,Argentina,42,La Pampa,035,Conhelo,42035,490378.4,-1,-1,-1,-1,-1,-1,-1,-1.00
032,Argentina,10,Catamarca,035,Belen,10035,104291.1,3295.6,3285.2,4.4,5,1,-1,-1,3.16
032,Argentina,46,La Rioja,035,Chamical,46035,387142.3,238.7,163,4.5,71.2,-1,-1,-1,0.06
032,Argentina,38,Jujuy,035,Ledesma,38035,206042.7,39495,33176.5,4776.4,520.1,1011.5,10.5,-1,19.17
032,Argentina,34,Formosa,035,Patino,34035,1913258.8,430.5,-1,130,300.5,-1,-1,-1,0.02
032,Argentina,90,Tucuman,035,Graneros,90035,62489.9,2245.3,1747.3,440,-1,53,5,-1,3.59
032,Argentina,54,Misiones,035,Concepcion,54035,126032.9,-1,-1,-1,-1,-1,-1,-1,-1.00
032,Argentina,18,Corrientes,035,Curuzu Cuatia,18035,849853.1,12124.9,10741.6,6.9,17.6,-1,1358.8,-1,1.43
032,Argentina,82,Santa Fe,035,Garay,82035,287088.3,3150.9,1371.2,1730.6,6.9,-1,42.2,-1,1.10
032,Argentina,30,Entre Rios,035,Federal,30035,456567.8,2648,2648,-1,-1,-1,-1,-1,0.58
032,Argentina,70,San Juan,035,Caucete,70035,139573.2,7270.4,1367.7,4805.6,0,1020.4,76.7,-1,5.21
032,Argentina,74,San Luis,035,General Pedernera,74035,937196.7,2126,356,1720,-1,-1,50,-1,0.23
032,Argentina,14,Cordoba,035,General Roca,14035,1052151.7,-1,-1,-1,-1,-1,-1,-1,-1.00
032,Argentina,6,Buenos Aires,035,Avellaneda,6035,88.8,12.2,10.7,1.5,-1,-1,-1,-1,13.74
032,Argentina,58,Neuquen,035,Confluencia,58035,152166.3,6669.8,6268.6,28.7,125.8,52.7,194,-1,4.38
032,Argentina,62,Rio Negro,035,El Cuy,62035,1394799.3,1288.4,1263.4,25,-1,-1,-1,-1,0.09
032,Argentina,26,Chubut,035,Futaleufu,26035,516730.4,464.7,280.6,179.6,4.5,-1,-1,-1,0.09
032,Argentina,78,Santa Cruz,035,Lago Buenos Aires,78035,1659113.9,395.1,351.1,3.5,36.5,4,-1,-1,0.02
032,Argentina,22,Chaco,036,12 De Octubre,22036,189429.2,0.6,-1,-1,0.6,-1,-1,-1,0.00
032,Argentina,22,Chaco,039,2 De Abril,22039,156973.5,-1,-1,-1,-1,-1,-1,-1,-1.00
032,Argentina,66,Salta,042,Chicoana,66042,57763.1,5986.4,5913.1,-1,64.3,-1,9,-1,10.36
032,Argentina,46,La Rioja,042,Chilecito,46042,74204,12654.5,5263.5,11.3,7006.7,269.5,103.5,-1,17.05
032,Argentina,14,Cordoba,042,General San Martin,14042,346967.4,4844.6,240.1,4602,2.5,-1,-1,-1,1.40
032,Argentina,6,Buenos Aires,042,Ayacucho,6042,585148.8,47,1,43,3,-1,-1,-1,0.01
032,Argentina,10,Catamarca,042,Capayan,10042,95740.8,12964.8,4042.3,2986,5907.4,1,28.1,-1,13.54
032,Argentina,38,Jujuy,042,Palpala,38042,52595.9,1943.1,1938.5,2,0.5,-1,2.1,-1,3.69
032,Argentina,34,Formosa,042,Pilagas,34042,337462,257.8,33.1,19.7,204.5,-1,-1,0.5,0.08
032,Argentina,54,Misiones,042,Eldorado,54042,178348,-1,-1,-1,-1,-1,-1,-1,-1.00
032,Argentina,90,Tucuman,042,Juan B. Alberdi,90042,34086.4,7490.9,7325.2,95,38,-1,32.7,-1,21.98
032,Argentina,18,Corrientes,042,Empedrado,18042,123148.2,1257.2,1252.2,0.5,4.5,-1,-1,-1,1.02
032,Argentina,86,Santiago Del Estero,042,Belgrano,86042,284799,-1,-1,-1,-1,-1,-1,-1,-1.00
032,Argentina,30,Entre Rios,042,Feliciano,30042,274728.7,3511.5,3510.7,-1,0.8,-1,-1,-1,1.28
032,Argentina,70,San Juan,042,Chimbas,70042,1538,634.9,392.2,236.5,0,5.8,0.4,-1,41.28
032,Argentina,50,Mendoza,042,La Paz,50042,705309.6,704.5,491.7,139.2,0,73.5,-1,0.1,0.10
032,Argentina,82,Santa Fe,042,General Lopez,82042,1022796.5,18013.8,3.5,16906,6.3,1098,-1,-1,1.76
032,Argentina,74,San Luis,042,Gobernador Dupuy,74042,1638928.2,-1,-1,-1,-1,-1,-1,-1,-1.00
032,Argentina,58,Neuquen,042,Chos  Malal,58042,109843.1,1129.1,1123.5,3.6,2,-1,-1,-1,1.03
032,Argentina,62,Rio Negro,042,General Roca,62042,670522.7,33903.9,33592,47.3,125.2,119,16.4,4,5.06
032,Argentina,42,La Pampa,042,Curaco,42042,810370,47,47,-1,-1,-1,-1,-1,0.01
032,Argentina,26,Chubut,042,Gaiman,26042,1001166.5,11495.2,11406,-1,38.4,0.8,50,-1,1.15
032,Argentina,78,Santa Cruz,042,Magallanes,78042,1847667,-1,-1,-1,-1,-1,-1,-1,-1.00
032,Argentina,22,Chaco,043,Fray Justo Santa Maria De Oro,22043,173577.4,-1,-1,-1,-1,-1,-1,-1,-1.00
032,Argentina,22,Chaco,049,General Belgrano,22049,116393.5,-1,-1,-1,-1,-1,-1,-1,-1.00
032,Argentina,86,Santiago Del Estero,049,Capital,86049,86272,2148.6,2142.4,6,0.1,0.1,-1,-1,2.49
032,Argentina,10,Catamarca,049,Capital,10049,7602.1,27.5,27.5,-1,-1,-1,-1,-1,0.36
032,Argentina,62,Rio Negro,049,9 De Julio,62049,1279786,10.3,10.3,-1,-1,-1,-1,-1,0.00
032,Argentina,46,La Rioja,049,Famatina,46049,4219.1,2173.4,2097.1,53.8,20.7,1,0.8,-1,51.51
032,Argentina,38,Jujuy,049,Rinconada,38049,71452.5,1.4,1.4,-1,-1,-1,-1,-1,0.00
032,Argentina,66,Salta,049,General Guemes,66049,173083.5,7741.8,7724.8,7,10,-1,-1,-1,4.47
032,Argentina,34,Formosa,049,Pilcomayo,34049,439263.1,149.8,36.6,45.8,3.2,20,36.5,7.7,0.03
032,Argentina,54,Misiones,049,General Manuel Belgrano,54049,132916.1,6,-1,-1,6,-1,-1,-1,0.00
032,Argentina,90,Tucuman,049,La Cocha,90049,47325.1,10808.9,6523.8,3902,340,-1,43.1,-1,22.84
032,Argentina,82,Santa Fe,049,General Obligado,82049,1003385.9,505.9,340.4,118.4,22.1,3,22,-1,0.05
032,Argentina,70,San Juan,049,Iglesia,70049,7213.5,2160.6,934,1226.6,0,-1,-1,-1,29.95
032,Argentina,18,Corrientes,049,Esquina,18049,315224.6,228.1,5.3,6.9,-1,215.4,0.5,-1,0.07
032,Argentina,14,Cordoba,049,Ischilin,14049,393664.5,1797.6,1784,2.5,11.1,-1,-1,-1,0.46
032,Argentina,74,San Luis,049,Junin,74049,131552.6,560,70,490,-1,-1,-1,-1,0.43
032,Argentina,50,Mendoza,049,Las Heras,50049,164971.8,4215.6,3043.7,932.8,0,110.9,4.5,123.7,2.56
032,Argentina,30,Entre Rios,049,Gualeguay,30049,448509.7,4656.4,25.9,4593.8,28.7,8,-1,-1,1.04
032,Argentina,42,La Pampa,049,Chalileo,42049,672533,-1,-1,-1,-1,-1,-1,-1,-1.00
032,Argentina,6,Buenos Aires,049,Azul,6049,685448,1369.9,-1,1369.9,-1,-1,-1,-1,0.20
032,Argentina,58,Neuquen,049,Huiliches,58049,156663.6,0.2,-1,0.2,-1,-1,-1,-1,0.00
032,Argentina,26,Chubut,049,Gastre,26049,1305620.4,7,7,-1,-1,-1,-1,-1,0.00
032,Argentina,78,Santa Cruz,049,Rio Chico,78049,2408303,-1,-1,-1,-1,-1,-1,-1,-1.00
032,Argentina,14,Cordoba,056,Juarez Celman,14056,746631.5,7300,1,7298,1,-1,-1,-1,0.98
032,Argentina,42,La Pampa,056,Chapaleufu,42056,231750,-1,-1,-1,-1,-1,-1,-1,-1.00
032,Argentina,6,Buenos Aires,056,Bahia Blanca,6056,214656.5,373.5,272.5,80,10,1,10,-1,0.17
032,Argentina,34,Formosa,056,Pirane,34056,735890.8,24.5,7,17.5,-1,-1,-1,-1,0.00
032,Argentina,10,Catamarca,056,El Alto,10056,93760.5,521.3,42.3,479,-1,-1,-1,-1,0.56
032,Argentina,70,San Juan,056,Jachal,70056,18265.3,4167.9,2709,450.5,0,388,620,0.4,22.82
032,Argentina,46,La Rioja,056,General Angel V. Penaloza,46056,192677.5,42.4,42.4,-1,-1,-1,-1,-1,0.02
032,Argentina,62,Rio Negro,056,Norquinco,62056,475736.4,133,133,-1,-1,-1,-1,-1,0.03
032,Argentina,66,Salta,056,General Jose De San Martin,66056,484151.3,1573.9,76.9,1325,169,-1,3,-1,0.33
032,Argentina,38,Jujuy,056,San Antonio,38056,27145,888.4,870,1.6,15.8,-1,1,-1,3.27
032,Argentina,86,Santiago Del Estero,056,Copo,86056,230492,-1,-1,-1,-1,-1,-1,-1,-1.00
032,Argentina,90,Tucuman,056,Leales,90056,116323,1265.7,1027.3,200,5.9,-1,32.5,-1,1.09
032,Argentina,22,Chaco,056,General Donovan,22056,152910.8,146.7,13.7,132,-1,-1,1,-1,0.10
032,Argentina,54,Misiones,056,Guarani,54056,306319.8,5.2,2,2.6,0.6,-1,-1,-1,0.00
032,Argentina,18,Corrientes,056,General Alvear,18056,152188.1,910,910,-1,-1,-1,-1,-1,0.60
032,Argentina,50,Mendoza,056,Lavalle,50056,138483.8,20558.8,13380.9,5355.6,0,1727.9,91.4,3,14.85
032,Argentina,82,Santa Fe,056,Iriondo,82056,297855.2,65.8,-1,65.8,-1,-1,-1,-1,0.02
032,Argentina,30,Entre Rios,056,Gualeguaychu,30056,728197.1,3608.9,425.5,3126.5,56.9,-1,-1,-1,0.50
032,Argentina,74,San Luis,056,Juan Martin De Pueyrredon,74056,1038462.5,4889,1996,2880,-1,-1,13,-1,0.47
032,Argentina,58,Neuquen,056,Lacar,58056,363781.1,23.4,3.7,14.5,5.2,-1,-1,-1,0.01
032,Argentina,26,Chubut,056,Languineo,26056,1132849.9,127,119,8,-1,-1,-1,-1,0.01
032,Argentina,86,Santiago Del Estero,063,Choya,86063,295982.7,16.1,-1,9,-1,-1,7.1,-1,0.01
032,Argentina,10,Catamarca,063,Fray Mamerto Esquiu,10063,2508.9,965,958.5,1.3,5,-1,0.2,-1,38.46
032,Argentina,66,Salta,063,Guachipas,66063,237098.9,1458.1,1458.1,-1,-1,-1,-1,-1,0.61
032,Argentina,34,Formosa,063,Ramon Lista,34063,75061,1,1,-1,-1,-1,-1,-1,0.00
032,Argentina,38,Jujuy,063,San Pedro,38063,187942.9,18393.1,18347.1,-1,46,-1,-1,-1,9.79
032,Argentina,22,Chaco,063,General Guemes,22063,863854.5,9.4,2.6,5.3,1.5,-1,-1,-1,0.00
032,Argentina,54,Misiones,063,Iguazu,54063,79807.3,11,-1,8,3,-1,-1,-1,0.01
032,Argentina,90,Tucuman,063,Lules,90063,12204.9,1808.5,1634.9,2.6,170.5,-1,0.5,-1,14.82
032,Argentina,18,Corrientes,063,General Paz,18063,264902.2,1720,1713.3,5,0.4,-1,1.3,-1,0.65
032,Argentina,46,La Rioja,063,General Belgrano,46063,216877.5,133.5,132.6,-1,0.9,-1,-1,-1,0.06
032,Argentina,82,Santa Fe,063,La Capital,82063,236208.8,3258.6,2724.1,376,92.5,-1,66,-1,1.38
032,Argentina,70,San Juan,063,9 De Julio,70063,8537.3,3252.1,826.6,1372.9,0,1052.6,-1,-1,38.09
032,Argentina,14,Cordoba,063,Marcos Juarez,14063,833646,2743.2,-1,2743.2,-1,-1,-1,-1,0.33
032,Argentina,74,San Luis,063,Libertador General San Martin,74063,199286,-1,-1,-1,-1,-1,-1,-1,-1.00
032,Argentina,50,Mendoza,063,Lujan De Cuyo,50063,60454.3,15543,11141.9,1366,0,2744.9,276.8,13.4,25.71
032,Argentina,30,Entre Rios,063,Islas Del Ibicuy,30063,348994,-1,-1,-1,-1,-1,-1,-1,-1.00
032,Argentina,42,La Pampa,063,Chical Co,42063,853088,-1,-1,-1,-1,-1,-1,-1,-1.00
032,Argentina,6,Buenos Aires,063,Balcarce,6063,324689.2,6994.1,-1,6994,-1,-1,0.1,-1,2.15
032,Argentina,58,Neuquen,063,Loncopue,58063,124232.4,-1,-1,-1,-1,-1,-1,-1,-1.00
032,Argentina,62,Rio Negro,063,Pichi Mahuida,62063,1542556.2,3552.4,3282.3,240,25.1,-1,5,-1,0.23
032,Argentina,26,Chubut,063,Martires,26063,1478159.6,23,23,-1,-1,-1,-1,-1,0.00
032,Argentina,22,Chaco,070,Independencia,22070,127897.3,1.6,-1,0.9,0.7,-1,-1,-1,0.00
032,Argentina,46,La Rioja,070,General Juan F. Quiroga,46070,213775.5,29.4,29.2,-1,0.2,-1,-1,-1,0.01
032,Argentina,42,La Pampa,070,Guatrache,42070,407373.1,11,-1,10,1,-1,-1,-1,0.00
032,Argentina,26,Chubut,070,Paso De Indios,26070,2201440.6,59,59,-1,-1,-1,-1,-1,0.00
032,Argentina,66,Salta,070,Iruya,66070,217.3,86.2,86.2,-1,-1,-1,-1,-1,39.67
032,Argentina,10,Catamarca,070,La Paz,10070,357991.3,5989.6,819.6,5170,-1,-1,-1,-1,1.67
032,Argentina,38,Jujuy,070,Santa Barbara,38070,133174,5651.2,5024.2,100,155.5,180,191.5,-1,4.24
032,Argentina,86,Santiago Del Estero,070,Figueroa,86070,52780.7,279.3,279.3,-1,-1,-1,-1,-1,0.53
032,Argentina,90,Tucuman,070,Monteros,90070,34872.6,22.9,3.4,5.5,-1,-1,14,-1,0.07
032,Argentina,54,Misiones,070,Leandro N. Alem,54070,105004.9,28,7.6,13.4,6.9,0.1,-1,-1,0.03
032,Argentina,18,Corrientes,070,Goya,18070,421557.5,1582.6,1536.2,5.3,38.5,-1,1.6,1,0.38
032,Argentina,30,Entre Rios,070,La Paz,30070,567164.9,5919,3207,2408.5,3.5,300,-1,-1,1.04
032,Argentina,14,Cordoba,070,Minas,14070,271364.5,-1,-1,-1,-1,-1,-1,-1,-1.00
032,Argentina,82,Santa Fe,070,Las Colonias,82070,606454.3,136,-1,133,3,-1,-1,-1,0.02
032,Argentina,70,San Juan,070,Pocito,70070,35328,9761.7,5234.4,3396.6,0,1102.2,8,20.5,27.63
032,Argentina,50,Mendoza,070,Maipu,50070,39934.1,24808.8,20667.5,2507.4,0,1478.7,0.7,154.5,62.12
032,Argentina,6,Buenos Aires,070,Baradero,6070,68856,3181.2,162.2,2599.5,408.5,11,-1,-1,4.62
032,Argentina,62,Rio Negro,070,Pilcaniyeu,62070,779992.2,116.9,74.8,40.2,1.3,0.1,0.5,-1,0.01
032,Argentina,58,Neuquen,070,Los Lagos,58070,27532.3,1,1,-1,-1,-1,-1,-1,0.00
032,Argentina,6,Buenos Aires,077,Arrecifes,6077,83411.7,3471,1012,2459,-1,-1,-1,-1,4.16
032,Argentina,42,La Pampa,077,Hucal,42077,529684.6,-1,-1,-1,-1,-1,-1,-1,-1.00
032,Argentina,38,Jujuy,077,Santa Catalina,38077,57886,5.1,5.1,-1,-1,-1,-1,-1,0.01
032,Argentina,66,Salta,077,La Caldera,66077,98774.9,596.4,583.9,2,10.5,-1,-1,-1,0.60
032,Argentina,54,Misiones,077,Libertador General San Martin,54077,123182.2,19.2,5.7,10.2,3.3,-1,-1,-1,0.02
032,Argentina,22,Chaco,077,Libertad,22077,98442.1,158.7,118.5,36.2,4,-1,-1,-1,0.16
032,Argentina,90,Tucuman,077,Rio Chico,90077,22121,3743.6,1418.7,2092.8,2.1,230,-1,-1,16.92
032,Argentina,18,Corrientes,077,Itati,18077,72802.3,10.2,2.7,7.5,-1,-1,-1,-1,0.01
032,Argentina,10,Catamarca,077,Paclin,10077,23263.1,1297.6,1275,-1,-1,-1,22.6,-1,5.58
032,Argentina,82,Santa Fe,077,9 De Julio,82077,1207562,150,-1,-1,-1,-1,-1,150,0.01
032,Argentina,46,La Rioja,077,General Lamadrid,46077,4625.9,396.3,391,-1,5.3,-1,-1,-1,8.57
032,Argentina,86,Santiago Del Estero,077,General Taboada,86077,358699.5,1398,1389,9,-1,-1,-1,-1,0.39
032,Argentina,14,Cordoba,077,Pocho,14077,174589.5,698,-1,698,-1,-1,-1,-1,0.40
032,Argentina,70,San Juan,077,Rawson,70077,13132.6,5883.3,2736,1481.9,0,931.4,734,-1,44.80
032,Argentina,30,Entre Rios,077,Nogoya,30077,317082.2,947,268,670.8,5.2,3,-1,-1,0.30
032,Argentina,50,Mendoza,077,Malargue,50077,732459.1,3096.3,2282,614.3,0,-1,-1,200,0.42
032,Argentina,58,Neuquen,077,Minas,58077,88506.6,177.5,160.8,11.2,4.2,1.1,0.2,-1,0.20
032,Argentina,62,Rio Negro,077,San Antonio,62077,935732,-1,-1,-1,-1,-1,-1,-1,-1.00
032,Argentina,26,Chubut,077,Rawson,26077,410815.9,1593,1535.6,32,25,-1,0.4,-1,0.39
032,Argentina,50,Mendoza,084,Rivadavia,50084,182756.2,18916.9,11206.9,6902.4,0,584.1,53,170.5,10.35
032,Argentina,66,Salta,084,La Candelaria,66084,107367.2,1489.5,1447.5,42,-1,-1,-1,-1,1.39
032,Argentina,62,Rio Negro,084,Valcheta,62084,1487474.8,16.2,16.2,-1,-1,-1,-1,-1,0.00
032,Argentina,38,Jujuy,084,Susques,38084,-1,-1,-1,-1,-1,-1,-1,-1,-1.00
032,Argentina,22,Chaco,084,Libertador General San Martin,22084,587966.3,2610.9,10.9,2578.5,-1,-1,21.5,-1,0.44
032,Argentina,90,Tucuman,084,Capital,90084,934.9,65,65,-1,-1,-1,-1,-1,6.95
032,Argentina,54,Misiones,084,Montecarlo,54084,127303.4,-1,-1,-1,-1,-1,-1,-1,-1.00
032,Argentina,10,Catamarca,084,Poman,10084,48464.4,7246.5,1559.6,3.9,5682.5,0.5,-1,-1,14.95
032,Argentina,86,Santiago Del Estero,084,Guasayan,86084,148500,652,2,650,-1,-1,-1,-1,0.44
032,Argentina,18,Corrientes,084,Ituzaingo,18084,388662.7,864.5,855.3,9.2,-1,-1,-1,-1,0.22
032,Argentina,46,La Rioja,084,General Ocampo,46084,311262.9,419.8,419.8,-1,-1,-1,-1,-1,0.13
032,Argentina,30,Entre Rios,084,Parana,30084,488558.4,2568.1,1408.5,1091,68.6,-1,-1,-1,0.53
032,Argentina,70,San Juan,084,Rivadavia,70084,1734.2,742.8,399.5,283.3,0,60,-1,-1,42.83
032,Argentina,82,Santa Fe,084,Rosario,82084,144360.6,4067.3,1918.5,2022.1,90.2,-1,36.5,-1,2.82
032,Argentina,14,Cordoba,084,Presidente Roque Saenz Pena,14084,606634.9,1.5,0.5,-1,1,-1,-1,-1,0.00
032,Argentina,6,Buenos Aires,084,Benito Juarez,6084,424063.1,282,-1,280.8,1.2,-1,-1,-1,0.07
032,Argentina,58,Neuquen,084,Norquin,58084,165299,64.5,64.5,-1,-1,-1,-1,-1,0.04
032,Argentina,42,La Pampa,084,Lihuel Calel,42084,1030455.1,96,96,-1,-1,-1,-1,-1,0.01
032,Argentina,26,Chubut,084,Rio Senguer,26084,1873228.5,30.5,27,2,1.5,-1,-1,-1,0.00
032,Argentina,30,Entre Rios,088,San Salvador,30088,114923.8,6330,5628,702,-1,-1,-1,-1,5.51
032,Argentina,86,Santiago Del Estero,091,Jimenez,86091,233196.9,524.5,34.5,490,-1,-1,-1,-1,0.22
032,Argentina,42,La Pampa,091,Limay Mahuida,42091,726506,-1,-1,-1,-1,-1,-1,-1,-1.00
032,Argentina,22,Chaco,091,Maipu,22091,232246,9.2,-1,2,0.9,-1,6.3,-1,0.00
032,Argentina,62,Rio Negro,091,25 De Mayo,62091,2477250,-1,-1,-1,-1,-1,-1,-1,-1.00
032,Argentina,26,Chubut,091,Sarmiento,26091,1144455.5,1903.2,1815.2,59.2,28.8,-1,-1,-1,0.17
032,Argentina,66,Salta,091,La Poma,66091,117469.7,684,684,-1,-1,-1,-1,-1,0.58
032,Argentina,10,Catamarca,091,Santa Maria,10091,365519.6,2429.3,1703.1,7.2,679.2,39.8,-1,-1,0.66
032,Argentina,90,Tucuman,091,Simoca,90091,74763.8,1218,1179,9,-1,-1,30,-1,1.63
032,Argentina,54,Misiones,091,Obera,54091,108311.3,6.5,-1,4.5,2,-1,-1,-1,0.01
032,Argentina,18,Corrientes,091,Lavalle,18091,158874,2214.4,1931.9,-1,82.5,-1,200,-1,1.39
032,Argentina,82,Santa Fe,091,San Cristobal,82091,1340934.7,200.1,-1,200,0.1,-1,-1,-1,0.01
032,Argentina,14,Cordoba,091,Punilla,14091,167333.9,115,99.8,5.7,9.5,-1,-1,-1,0.07
032,Argentina,46,La Rioja,091,General San Martin,46091,347545.6,16,16,-1,-1,-1,-1,-1,0.00
032,Argentina,70,San Juan,091,San Martin,70091,10238.4,4229.4,1567.3,1716.9,0,945.2,-1,-1,41.31
032,Argentina,30,Entre Rios,091,Tala,30091,223687,919,669,250,-1,-1,-1,-1,0.41
032,Argentina,50,Mendoza,091,San Carlos,50091,651960.7,16693.3,12034,3276.3,0,1096.4,61.6,225,2.56
032,Argentina,6,Buenos Aires,091,Berazategui,6091,2670.5,415.9,303.1,83.1,29.3,-1,0.4,-1,15.57
032,Argentina,58,Neuquen,091,Pehuenches,58091,20021.9,177.8,177.3,-1,0.5,-1,-1,-1,0.89
032,Argentina,38,Jujuy,094,Tilcara,38094,28601.6,777.3,775.6,1.4,0.3,-1,-1,-1,2.72
032,Argentina,66,Salta,098,La Vina,66098,122344.3,3303.5,2642.5,126,535,-1,-1,-1,2.70
032,Argentina,22,Chaco,098,Mayor Luis J. Fontana,22098,310058.5,8,-1,6,2,-1,-1,-1,0.00
032,Argentina,50,Mendoza,098,San Martin,50098,66928.3,35797.8,18157.4,16737.7,0,865.1,22.5,15.1,53.49
032,Argentina,42,La Pampa,098,Loventue,42098,1014885.4,170.6,-1,170.5,0.1,-1,-1,-1,0.02
032,Argentina,38,Jujuy,098,Tumbaya,38098,47220.3,312.4,297.4,15,-1,-1,-1,-1,0.66
032,Argentina,90,Tucuman,098,Tafi Del Valle,90098,53761.7,1460.1,935.9,481.7,42.5,-1,-1,-1,2.72
032,Argentina,54,Misiones,098,San Ignacio,54098,49338.5,5,0.5,0.5,2.5,-1,1.5,-1,0.01
032,Argentina,46,La Rioja,098,Vinchina,46098,57841.4,1702.7,1702.7,-1,-1,-1,-1,-1,2.94
032,Argentina,86,Santiago Del Estero,098,Juan F. Ibarra,86098,384527.5,548,548,-1,-1,-1,-1,-1,0.14
032,Argentina,10,Catamarca,098,Santa Rosa,10098,146803.3,11372.1,2506,8766,100,0.1,-1,-1,7.75
032,Argentina,18,Corrientes,098,Mburucuya,18098,67977.7,76.3,-1,-1,76.3,-1,-1,-1,0.11
032,Argentina,82,Santa Fe,098,San Javier,82098,541762.7,4155.9,3452.7,700,-1,-1,3.2,-1,0.77
032,Argentina,70,San Juan,098,Santa Lucia,70098,4548.5,2304.7,1069.6,1201.6,0,33.5,-1,-1,50.67
032,Argentina,30,Entre Rios,098,Uruguay,30098,411352.5,2392.9,1909.3,470.6,10,-1,3,-1,0.58
032,Argentina,14,Cordoba,098,Rio Cuarto,14098,1468291.2,4857,1017.8,3838.2,1,-1,-1,-1,0.33
032,Argentina,6,Buenos Aires,098,Berisso,6098,7325.8,9.4,8.4,-1,1,-1,-1,-1,0.13
032,Argentina,58,Neuquen,098,Picun Leufu,58098,24103.7,1295.8,1286.8,-1,0.1,-1,8.9,-1,5.38
032,Argentina,26,Chubut,098,Tehuelches,26098,1199340.1,360.6,360.1,0.5,-1,-1,-1,-1,0.03
032,Argentina,22,Chaco,105,9 De Julio,22105,172437,-1,-1,-1,-1,-1,-1,-1,-1.00
032,Argentina,86,Santiago Del Estero,105,Loreto,86105,13417,61.5,57.5,-1,-1,-1,4,-1,0.46
032,Argentina,46,La Rioja,105,Independencia,46105,99897.8,44,44,-1,-1,-1,-1,-1,0.04
032,Argentina,42,La Pampa,105,Maraco,42105,242099.5,5.5,1,-1,1.5,-1,3,-1,0.00
032,Argentina,6,Buenos Aires,105,Bolivar,6105,442143.1,4.9,2.8,-1,2.1,-1,-1,-1,0.00
032,Argentina,26,Chubut,105,Telsen,26105,1824629.1,66.5,66.5,-1,-1,-1,-1,-1,0.00
032,Argentina,38,Jujuy,105,Valle Grande,38105,66827.8,5.3,5.3,-1,-1,-1,-1,-1,0.01
032,Argentina,66,Salta,105,Los Andes,66105,-1,-1,-1,-1,-1,-1,-1,-1,-1.00
032,Argentina,90,Tucuman,105,Tafi Viejo,90105,26002.5,1534.5,72.7,119,1290,50.5,2.3,-1,5.90
032,Argentina,10,Catamarca,105,Tinogasta,10105,20691.5,5283.6,4099.4,2,1182.2,-1,-1,-1,25.54
032,Argentina,54,Misiones,105,San Javier,54105,286334.3,4,-1,-1,-1,-1,4,-1,0.00
032,Argentina,18,Corrientes,105,Mercedes,18105,835855.4,13713.7,13708,-1,1,-1,4.7,-1,1.64
032,Argentina,14,Cordoba,105,Rio Primero,14105,349177.5,6144.4,1680.4,4132,-1,-1,332,-1,1.76
032,Argentina,70,San Juan,105,Sarmiento,70105,82656.7,11259.9,1496.8,5615,0,3228.6,919.5,-1,13.62
032,Argentina,82,Santa Fe,105,San Jeronimo,82105,331062.6,2046.9,37.9,1780.2,200.3,-1,28.5,-1,0.62
032,Argentina,30,Entre Rios,105,Victoria,30105,315737.2,2426,-1,2426,-1,-1,-1,-1,0.77
032,Argentina,50,Mendoza,105,San Rafael,50105,1593433.4,49680.2,27880.8,16410.9,0,5314.3,43,31.2,3.12
032,Argentina,58,Neuquen,105,Picunches,58105,161591.8,487.7,485,-1,2.6,-1,0.1,-1,0.30
032,Argentina,22,Chaco,112,O'Higgins,22112,180496.2,1.3,0.5,-1,-1,-1,0.8,-1,0.00
032,Argentina,46,La Rioja,112,Rosario Vera Penaloza,46112,497347.3,1.5,1.5,-1,-1,-1,-1,-1,0.00
032,Argentina,50,Mendoza,112,Santa Rosa,50112,581706.8,12927,8899.4,3055.8,0,773.3,169.5,29,2.22
032,Argentina,6,Buenos Aires,112,Bragado,6112,198917.3,758,-1,758,-1,-1,-1,-1,0.38
032,Argentina,10,Catamarca,112,Valle Viejo,10112,32442,6395.2,1179.2,1078,4135.5,2.5,-1,-1,19.71
032,Argentina,38,Jujuy,112,Yavi,38112,65354.1,36.2,36.2,-1,-1,-1,-1,-1,0.06
032,Argentina,66,Salta,112,Metan,66112,282217.1,6208,6094,-1,84,30,-1,-1,2.20
032,Argentina,90,Tucuman,112,Trancas,90112,142197.8,8818,8198,520,100,-1,-1,-1,6.20
032,Argentina,54,Misiones,112,San Pedro,54112,83548.6,0.5,-1,0.5,-1,-1,-1,-1,0.00
032,Argentina,86,Santiago Del Estero,112,Mitre,86112,116810,-1,-1,-1,-1,-1,-1,-1,-1.00
032,Argentina,14,Cordoba,112,Rio Seco,14112,421237.3,-1,-1,-1,-1,-1,-1,-1,-1.00
032,Argentina,82,Santa Fe,112,San Justo,82112,518569.2,671.1,-1,670,1.1,-1,-1,-1,0.13
032,Argentina,18,Corrientes,112,Monte Caseros,18112,236552.9,3017.5,2705,7.3,118.4,10,176.8,-1,1.28
032,Argentina,70,San Juan,112,Ullum,70112,6303.5,3352.9,458,313.8,0,1731.9,112.2,737,53.19
032,Argentina,42,La Pampa,112,Puelen,42112,1094656.9,4178.2,3019.2,1085,74,-1,-1,-1,0.38
032,Argentina,58,Neuquen,112,Zapala,58112,112886.1,328.9,321.2,1.1,6.6,-1,-1,-1,0.29
032,Argentina,30,Entre Rios,113,Villaguay,30113,580278.2,14014.7,11954.2,1660,0.5,-1,400,-1,2.42
032,Argentina,22,Chaco,119,Presidente De La Plaza,22119,173808.6,5.5,0.5,-1,-1,-1,5,-1,0.00
032,Argentina,46,La Rioja,119,San Blas De Los Sauces,46119,6712.6,906.2,617.6,-1,288.6,-1,-1,-1,13.50
032,Argentina,50,Mendoza,119,Tunuyan,50119,223092.3,14565.9,5828,5217.2,0,2437.8,845.3,237.6,6.53
032,Argentina,42,La Pampa,119,Quemu Quemu,42119,255333.5,51.5,-1,50,1.5,-1,-1,-1,0.02
032,Argentina,66,Salta,119,Molinos,66119,401347,944.7,944.7,-1,-1,-1,-1,-1,0.24
032,Argentina,90,Tucuman,119,Yerba Buena,90119,2656,384.5,14.4,1.8,354.5,0.8,13,-1,14.48
032,Argentina,86,Santiago Del Estero,119,Moreno,86119,1169051.5,-1,-1,-1,-1,-1,-1,-1,-1.00
032,Argentina,54,Misiones,119,25 De  Mayo,54119,100733.7,2.5,-1,-1,-1,-1,2.5,-1,0.00
032,Argentina,18,Corrientes,119,Paso De Los Libres,18119,438026.3,7834.2,7812.2,17.8,2,-1,2.2,-1,1.79
032,Argentina,70,San Juan,119,Valle Fertil,70119,177072.3,266.1,187.6,77.5,0,-1,-1,1,0.15
032,Argentina,14,Cordoba,119,Rio Segundo,14119,496242.9,6936.1,1.5,6922,4.8,-1,7.8,-1,1.40
032,Argentina,82,Santa Fe,119,San Lorenzo,82119,166735.9,36,13,1,20,-1,2,-1,0.02
032,Argentina,6,Buenos Aires,119,Brandsen,6119,97366.3,-1,-1,-1,-1,-1,-1,-1,-1.00
032,Argentina,46,La Rioja,126,Sanagasta,46126,692.6,268.1,267.9,-1,-1,-1,0.2,-1,38.71
032,Argentina,82,Santa Fe,126,San Martin,82126,444960,2.1,-1,-1,2.1,-1,-1,-1,0.00
032,Argentina,42,La Pampa,126,Rancul,42126,395009,100,-1,100,-1,-1,-1,-1,0.03
032,Argentina,66,Salta,126,Oran,66126,94809.7,11105.8,7387.1,1553.7,2041,34.5,89.5,-1,11.71
032,Argentina,22,Chaco,126,1 De Mayo,22126,135290.5,19,-1,1.5,0.1,-1,17.4,-1,0.01
032,Argentina,18,Corrientes,126,Saladas,18126,115134.1,504.7,120,-1,134.5,0.1,250.1,-1,0.44
032,Argentina,86,Santiago Del Estero,126,Ojo De Agua,86126,276596,-1,-1,-1,-1,-1,-1,-1,-1.00
032,Argentina,14,Cordoba,126,San Alberto,14126,202735.7,4421.6,4199,201.2,9.4,-1,12,-1,2.18
032,Argentina,70,San Juan,126,25 De Mayo,70126,104799.2,12470.7,2959.2,3618.9,0,4073.6,1567,252,11.90
032,Argentina,50,Mendoza,126,Tupungato,50126,186857.4,15278.1,10517.5,2279.7,0,2141.1,246.5,93.3,8.18
032,Argentina,6,Buenos Aires,126,Campana,6126,46737,121,95,21,5,-1,-1,-1,0.26
032,Argentina,22,Chaco,133,Quitilipi,22133,134197.5,-1,-1,-1,-1,-1,-1,-1,-1.00
032,Argentina,42,La Pampa,133,Realico,42133,245348.7,-1,-1,-1,-1,-1,-1,-1,-1.00
032,Argentina,66,Salta,133,Rivadavia,66133,222813.5,0.5,0.5,-1,-1,-1,-1,-1,0.00
032,Argentina,86,Santiago Del Estero,133,Pellegrini,86133,206125.2,1263.3,1263.3,-1,-1,-1,-1,-1,0.61
032,Argentina,18,Corrientes,133,San Cosme,18133,36377.6,32.8,11.1,20.6,1,-1,0.1,-1,0.09
032,Argentina,82,Santa Fe,133,Vera,82133,1608850.8,-1,-1,-1,-1,-1,-1,-1,-1.00
032,Argentina,70,San Juan,133,Zonda,70133,117544.3,2242.3,124.5,565.6,0,1467,85.2,-1,1.91
032,Argentina,14,Cordoba,133,San Javier,14133,125755.4,11524.2,8750.9,2626.5,38.7,108,0.1,-1,9.16
032,Argentina,6,Buenos Aires,134,Canuelas,6134,62163.8,313.2,76,213,10.2,14,-1,-1,0.50
032,Argentina,6,Buenos Aires,140,Capitan Sarmiento,6140,39566.9,22,-1,20,-1,-1,2,-1,0.06
032,Argentina,42,La Pampa,140,Toay,42140,412903.3,-1,-1,-1,-1,-1,-1,-1,-1.00
032,Argentina,66,Salta,140,Rosario De La Frontera,66140,339971.7,978.5,548.5,430,-1,-1,-1,-1,0.29
032,Argentina,22,Chaco,140,San Fernando,22140,282609.3,69.1,49.5,17.6,1,-1,1,-1,0.02
032,Argentina,18,Corrientes,140,San Luis Del Palmar,18140,218120.1,5.3,1.6,2.9,-1,-1,0.8,-1,0.00
032,Argentina,86,Santiago Del Estero,140,Quebrachos,86140,235922.5,-1,-1,-1,-1,-1,-1,-1,-1.00
032,Argentina,14,Cordoba,140,San Justo,14140,1163000,2706.8,14.8,2689.5,1.5,-1,1,-1,0.23
032,Argentina,22,Chaco,147,San Lorenzo,22147,220247.3,-1,-1,-1,-1,-1,-1,-1,-1.00
032,Argentina,42,La Pampa,147,Trenel,42147,203262.5,-1,-1,-1,-1,-1,-1,-1,-1.00
032,Argentina,6,Buenos Aires,147,Carlos Casares,6147,223281.7,-1,-1,-1,-1,-1,-1,-1,-1.00
032,Argentina,66,Salta,147,Rosario De Lerma,66147,57097.7,5255.6,5104,151,0.5,-1,0.1,-1,9.20
032,Argentina,86,Santiago Del Estero,147,Rio Hondo,86147,18664.7,27.5,22.4,5,0.1,-1,-1,-1,0.15
032,Argentina,18,Corrientes,147,San Martin,18147,471559.8,2100.5,2100,-1,0.5,-1,-1,-1,0.45
032,Argentina,14,Cordoba,147,Santa Maria,14147,221062.9,2042.8,1284.8,746.9,7.1,4,-1,-1,0.92
032,Argentina,6,Buenos Aires,154,Carlos Tejedor,6154,345380.9,1.9,1.9,-1,-1,-1,-1,-1,0.00
032,Argentina,42,La Pampa,154,Utracan,42154,1357599.2,-1,-1,-1,-1,-1,-1,-1,-1.00
032,Argentina,22,Chaco,154,Sargento Cabral,22154,136429.5,-1,-1,-1,-1,-1,-1,-1,-1.00
032,Argentina,14,Cordoba,154,Sobremonte,14154,253360,-1,-1,-1,-1,-1,-1,-1,-1.00
032,Argentina,66,Salta,154,San Carlos,66154,176079.9,2094.6,2039.1,-1,51.5,4,-1,-1,1.19
032,Argentina,18,Corrientes,154,San Miguel,18154,179506.4,5.4,-1,-1,5.4,-1,-1,-1,0.00
032,Argentina,86,Santiago Del Estero,154,Rivadavia,86154,142449.5,-1,-1,-1,-1,-1,-1,-1,-1.00
032,Argentina,86,Santiago Del Estero,161,Robles,86161,81845.9,21915.9,21915.9,-1,-1,-1,-1,-1,26.78
032,Argentina,6,Buenos Aires,161,Carmen De Areco,6161,88477.7,570,-1,570,-1,-1,-1,-1,0.64
032,Argentina,66,Salta,161,Santa Victoria,66161,1675.7,409.7,409.7,-1,-1,-1,-1,-1,24.45
032,Argentina,22,Chaco,161,Tapenaga,22161,274968.2,-1,-1,-1,-1,-1,-1,-1,-1.00
032,Argentina,18,Corrientes,161,San Roque,18161,131512.9,173.3,172.9,-1,-1,-1,0.4,-1,0.13
032,Argentina,14,Cordoba,161,Tercero Arriba,14161,437453,11281.5,243.9,11035.6,2,-1,-1,-1,2.58
032,Argentina,22,Chaco,168,25 De Mayo,22168,206938.5,-1,-1,-1,-1,-1,-1,-1,-1.00
032,Argentina,18,Corrientes,168,Santo Tome,18168,582390.4,4098.7,4086,8.7,1,2.5,0.5,-1,0.70
032,Argentina,86,Santiago Del Estero,168,Salavina,86168,38330.8,-1,-1,-1,-1,-1,-1,-1,-1.00
032,Argentina,14,Cordoba,168,Totoral,14168,311334.1,4922,153,4569,-1,-1,200,-1,1.58
032,Argentina,6,Buenos Aires,168,Castelli,6168,148514.2,-1,-1,-1,-1,-1,-1,-1,-1.00
032,Argentina,6,Buenos Aires,175,Colon,6175,81221.6,1417.5,-1,1410,3.5,-1,4,-1,1.75
032,Argentina,86,Santiago Del Estero,175,San Martin,86175,32388.8,4497.8,4047.8,450,-1,-1,-1,-1,13.89
032,Argentina,14,Cordoba,175,Tulumba,14175,421523.1,1038.3,18.3,1020,-1,-1,-1,-1,0.25
032,Argentina,18,Corrientes,175,Sauce,18175,195213.8,950,950,-1,-1,-1,-1,-1,0.49
032,Argentina,14,Cordoba,182,Union,14182,912472.6,1534,153,1381,-1,-1,-1,-1,0.17
032,Argentina,6,Buenos Aires,182,Coronel De Marina L Rosales,6182,104612.1,331.5,10,321.5,-1,-1,-1,-1,0.32
032,Argentina,86,Santiago Del Estero,182,Sarmiento,86182,28780.3,445.7,445.7,-1,-1,-1,-1,-1,1.55
032,Argentina,86,Santiago Del Estero,189,Silipica,86189,43324.8,3325.3,3323.8,1.5,-1,-1,-1,-1,7.68
032,Argentina,6,Buenos Aires,189,Coronel Dorrego,6189,544226.7,279,1,264,14,-1,-1,-1,0.05
032,Argentina,6,Buenos Aires,196,Coronel Pringles,6196,473820.7,50,-1,50,-1,-1,-1,-1,0.01
032,Argentina,6,Buenos Aires,203,Coronel Suarez,6203,608597.6,5719.6,527,5186.5,6.1,-1,-1,-1,0.94
032,Argentina,6,Buenos Aires,210,Chacabuco,6210,187538.4,846.2,4.5,740,101.5,0.2,-1,-1,0.45
032,Argentina,6,Buenos Aires,217,Chascomus,6217,333768.9,9,-1,-1,3,6,-1,-1,0.00
032,Argentina,6,Buenos Aires,224,Chivilcoy,6224,203484.7,570.7,323,245,2.7,-1,-1,-1,0.28
032,Argentina,6,Buenos Aires,231,Daireaux,6231,303979.7,556.3,-1,554,2.3,-1,-1,-1,0.18
032,Argentina,6,Buenos Aires,238,Dolores,6238,134157.4,1,1,-1,-1,-1,-1,-1,0.00
032,Argentina,6,Buenos Aires,245,Ensenada,6245,1684,-1,-1,-1,-1,-1,-1,-1,-1.00
032,Argentina,6,Buenos Aires,252,Escobar,6252,2873,844.2,553.5,265.3,22.6,0.8,2,-1,29.38
032,Argentina,6,Buenos Aires,260,Esteban Echeverria,6260,467.2,-1,-1,-1,-1,-1,-1,-1,-1.00
032,Argentina,6,Buenos Aires,266,Exaltacion De La Cruz,6266,45091.2,801,137,638,18,-1,8,-1,1.78
032,Argentina,6,Buenos Aires,270,Ezeiza,6270,2540,33,33,-1,-1,-1,-1,-1,1.30
032,Argentina,6,Buenos Aires,274,Florencio Varela,6274,3005.4,818.9,284,424.7,89.3,0.2,20.7,-1,27.25
032,Argentina,6,Buenos Aires,277,Florentino Ameghino,6277,161951.1,85,-1,85,-1,-1,-1,-1,0.05
032,Argentina,6,Buenos Aires,280,General Alvarado,6280,132807.8,6032.9,-1,5848.6,184.3,-1,-1,-1,4.54
032,Argentina,6,Buenos Aires,287,General Alvear,6287,280862.6,5,-1,-1,5,-1,-1,-1,0.00
032,Argentina,6,Buenos Aires,294,General Arenales,6294,134326.7,13.4,1,10.5,1.7,0.2,-1,-1,0.01
032,Argentina,6,Buenos Aires,301,General Belgrano,6301,164896.7,271.1,1.3,254,15.8,-1,-1,-1,0.16
032,Argentina,6,Buenos Aires,308,General Guido,6308,197038.7,-1,-1,-1,-1,-1,-1,-1,-1.00
032,Argentina,6,Buenos Aires,315,General Juan Madariaga,6315,249327.6,98,-1,42,56,-1,-1,-1,0.04
032,Argentina,6,Buenos Aires,322,General La Madrid,6322,329851.5,296,-1,296,-1,-1,-1,-1,0.09
032,Argentina,6,Buenos Aires,329,General Las Heras,6329,47456,-1,-1,-1,-1,-1,-1,-1,-1.00
032,Argentina,6,Buenos Aires,336,General Lavalle,6336,227047.4,32.8,30,2.4,0.4,-1,-1,-1,0.01
032,Argentina,6,Buenos Aires,343,General Paz,6343,99388.7,2,2,-1,-1,-1,-1,-1,0.00
032,Argentina,6,Buenos Aires,351,General Pinto,6351,239096.8,930,-1,930,-1,-1,-1,-1,0.39
032,Argentina,6,Buenos Aires,357,General Pueyrredon,6357,113138,10025.8,49.2,9728.2,236.3,10,2.1,-1,8.86
032,Argentina,6,Buenos Aires,364,General Rodriguez,6364,20774.7,356.5,9,347,0.5,-1,-1,-1,1.72
032,Argentina,6,Buenos Aires,371,General San Martin,6371,76.3,0.1,0.1,-1,-1,-1,-1,-1,0.13
032,Argentina,6,Buenos Aires,385,General Viamonte,6385,163532.3,-1,-1,-1,-1,-1,-1,-1,-1.00
032,Argentina,6,Buenos Aires,392,General Villegas,6392,595146,-1,-1,-1,-1,-1,-1,-1,-1.00
032,Argentina,6,Buenos Aires,399,Guamini,6399,392613.5,1725,1,1724,-1,-1,-1,-1,0.44
032,Argentina,6,Buenos Aires,406,Hipolito Yrigoyen,6406,130118,26.4,4.4,18,4,-1,-1,-1,0.02
032,Argentina,6,Buenos Aires,408,Hurlingham,6408,-1,-1,-1,-1,-1,-1,-1,-1,-1.00
032,Argentina,6,Buenos Aires,410,Ituzaingo,6410,-1,-1,-1,-1,-1,-1,-1,-1,-1.00
032,Argentina,6,Buenos Aires,412,Jose C Paz,6412,74.9,35.2,34,1.2,-1,-1,-1,-1,47.00
032,Argentina,6,Buenos Aires,413,Junin,6413,167732.9,514.2,1.5,506.4,5.3,-1,1,-1,0.31
032,Argentina,6,Buenos Aires,420,La Costa,6420,1438.5,1,-1,0.5,0.5,-1,-1,-1,0.07
032,Argentina,6,Buenos Aires,427,La Matanza,6427,20898.9,338,27,302,9,-1,-1,-1,1.62
032,Argentina,6,Buenos Aires,434,Lanus,6434,-1,-1,-1,-1,-1,-1,-1,-1,-1.00
032,Argentina,6,Buenos Aires,441,La Plata,6441,43247.4,3382.5,1651.1,1219.1,110.1,21.9,380.3,-1,7.82
032,Argentina,6,Buenos Aires,448,Laprida,6448,336779.5,500,20,480,-1,-1,-1,-1,0.15
032,Argentina,6,Buenos Aires,455,Las Flores,6455,291234.9,4,2,-1,2,-1,-1,-1,0.00
032,Argentina,6,Buenos Aires,462,Leandro N. Alem,6462,145897.1,-1,-1,-1,-1,-1,-1,-1,-1.00
032,Argentina,6,Buenos Aires,469,Lincoln,6469,561364.1,32.6,3.5,26,2.6,-1,0.5,-1,0.01
032,Argentina,6,Buenos Aires,476,Loberia,6476,356303.7,4468,-1,4468,-1,-1,-1,-1,1.25
032,Argentina,6,Buenos Aires,483,Lobos,6483,140637.9,60.3,10.5,47,2.8,-1,-1,-1,0.04
032,Argentina,6,Buenos Aires,490,Lomas De Zamora,6490,515,-1,-1,-1,-1,-1,-1,-1,-1.00
032,Argentina,6,Buenos Aires,497,Lujan,6497,26860.6,247,-1,247,-1,-1,-1,-1,0.92
032,Argentina,6,Buenos Aires,505,Magdalena,6505,179755,42.5,29.5,-1,13,-1,-1,-1,0.02
032,Argentina,6,Buenos Aires,511,Maipu,6511,243932.1,-1,-1,-1,-1,-1,-1,-1,-1.00
032,Argentina,6,Buenos Aires,515,Malvinas Argentinas,6515,17.5,-1,-1,-1,-1,-1,-1,-1,-1.00
032,Argentina,6,Buenos Aires,518,Mar Chiquita,6518,302173,219,-1,219,-1,-1,-1,-1,0.07
032,Argentina,6,Buenos Aires,525,Marcos Paz,6525,27975.3,515,17,487,6.5,4.5,-1,-1,1.84
032,Argentina,6,Buenos Aires,532,Mercedes,6532,82471.6,124.1,16.3,97.3,10.5,-1,-1,-1,0.15
032,Argentina,6,Buenos Aires,539,Merlo,6539,1123.5,215.4,148.5,54.5,0.2,-1,12.2,-1,19.17
032,Argentina,6,Buenos Aires,547,Monte,6547,140840.5,-1,-1,-1,-1,-1,-1,-1,-1.00
032,Argentina,6,Buenos Aires,553,Monte Hermoso,6553,19695,-1,-1,-1,-1,-1,-1,-1,-1.00
032,Argentina,6,Buenos Aires,560,Moreno,6560,397.4,168.5,150.6,3.7,7.9,-1,6.3,-1,42.40
032,Argentina,6,Buenos Aires,568,Moron,6568,-1,-1,-1,-1,-1,-1,-1,-1,-1.00
032,Argentina,6,Buenos Aires,574,Navarro,6574,138702.4,51,51,-1,-1,-1,-1,-1,0.04
032,Argentina,6,Buenos Aires,581,Necochea,6581,411192.2,1919.2,284,1634.4,0.8,-1,-1,-1,0.47
032,Argentina,6,Buenos Aires,588,9 De Julio,6588,373746,43.3,-1,39.8,3.5,-1,-1,-1,0.01
032,Argentina,6,Buenos Aires,595,Olavarria,6595,707953.3,431.8,266,162.7,1.1,0.5,1.5,-1,0.06
032,Argentina,6,Buenos Aires,602,Patagones,6602,1271443.1,21864.2,21695.1,160,9.1,-1,-1,-1,1.72
032,Argentina,6,Buenos Aires,609,Pehuajo,6609,496943.1,290,-1,290,-1,-1,-1,-1,0.06
032,Argentina,6,Buenos Aires,616,Pellegrini,6616,149599.2,60,-1,60,-1,-1,-1,-1,0.04
032,Argentina,6,Buenos Aires,623,Pergamino,6623,284386.7,2744.7,48.4,2665.2,0.8,0.3,30,-1,0.97
032,Argentina,6,Buenos Aires,630,Pila,6630,249420,-1,-1,-1,-1,-1,-1,-1,-1.00
032,Argentina,6,Buenos Aires,638,Pilar,6638,1621.7,415.4,331.2,61.1,20.7,1.1,1.3,-1,25.62
032,Argentina,6,Buenos Aires,644,Pinamar,6644,-1,-1,-1,-1,-1,-1,-1,-1,-1.00
032,Argentina,6,Buenos Aires,648,Presidente Peron,6648,3099.7,-1,-1,-1,-1,-1,-1,-1,-1.00
032,Argentina,6,Buenos Aires,651,Puan,6651,545753.5,26,16,10,-1,-1,-1,-1,0.00
032,Argentina,6,Buenos Aires,655,Punta Indio,6655,125627.9,7.5,-1,1.5,1,-1,5,-1,0.01
032,Argentina,6,Buenos Aires,658,Quilmes,6658,37.1,27,26.2,0.8,-1,-1,-1,-1,72.78
032,Argentina,6,Buenos Aires,665,Ramallo,6665,87999.1,1082,52.5,1003,1.5,-1,25,-1,1.23
032,Argentina,6,Buenos Aires,672,Rauch,6672,358482.3,33,-1,-1,-1,33,-1,-1,0.01
032,Argentina,6,Buenos Aires,679,Rivadavia,6679,364947.4,1.5,1.5,-1,-1,-1,-1,-1,0.00
032,Argentina,6,Buenos Aires,686,Rojas,6686,183217.1,8178.2,141.7,8031.5,5,-1,-1,-1,4.46
032,Argentina,6,Buenos Aires,693,Roque Perez,6693,135947.1,228,-1,228,-1,-1,-1,-1,0.17
032,Argentina,6,Buenos Aires,700,Saavedra,6700,346155.7,753.5,-1,752,1.5,-1,-1,-1,0.22
032,Argentina,6,Buenos Aires,707,Saladillo,6707,291435.5,349,89,260,-1,-1,-1,-1,0.12
032,Argentina,6,Buenos Aires,714,Salto,6714,90133.6,2442,6,2436,-1,-1,-1,-1,2.71
032,Argentina,6,Buenos Aires,721,Salliquelo,6721,139423.3,-1,-1,-1,-1,-1,-1,-1,-1.00
032,Argentina,6,Buenos Aires,728,San Andres De Giles,6728,89308.5,303.2,8,280,15.2,-1,-1,-1,0.34
032,Argentina,6,Buenos Aires,735,San Antonio De Areco,6735,92604.4,1789,110,1679,-1,-1,-1,-1,1.93
032,Argentina,6,Buenos Aires,742,San Cayetano,6742,240194.5,276.5,2.1,272,1.5,0.9,-1,-1,0.12
032,Argentina,6,Buenos Aires,749,San Fernando,6749,12269,-1,-1,-1,-1,-1,-1,-1,-1.00
032,Argentina,6,Buenos Aires,756,San Isidro,6756,2.8,0.1,-1,-1,-1,-1,0.1,-1,3.57
032,Argentina,6,Buenos Aires,760,San Miguel,6760,-1,-1,-1,-1,-1,-1,-1,-1,-1.00
032,Argentina,6,Buenos Aires,763,San Nicolas,6763,53104.5,1558.7,527.2,920,1.5,1,109,-1,2.94
032,Argentina,6,Buenos Aires,770,San Pedro,6770,105145.2,3578.3,871.4,1147.6,1540.5,9.7,9.1,-1,3.40
032,Argentina,6,Buenos Aires,778,San Vicente,6778,48383,-1,-1,-1,-1,-1,-1,-1,-1.00
032,Argentina,6,Buenos Aires,784,Suipacha,6784,87473.4,-1,-1,-1,-1,-1,-1,-1,-1.00
032,Argentina,6,Buenos Aires,791,Tandil,6791,442390.2,2476.6,2,2465.6,9,-1,-1,-1,0.56
032,Argentina,6,Buenos Aires,798,Tapalque,6798,270895.4,-1,-1,-1,-1,-1,-1,-1,-1.00
032,Argentina,6,Buenos Aires,805,Tigre,6805,696.3,25.7,19.8,5.9,-1,-1,-1,-1,3.69
032,Argentina,6,Buenos Aires,812,Tordillo,6812,105546,-1,-1,-1,-1,-1,-1,-1,-1.00
032,Argentina,6,Buenos Aires,819,Tornquist,6819,400387,291.5,17.4,262,5.6,5,1.5,-1,0.07
032,Argentina,6,Buenos Aires,826,Trenque Lauquen,6826,407811.6,318,2,316,-1,-1,-1,-1,0.08
032,Argentina,6,Buenos Aires,833,Tres Arroyos,6833,526636,343,-1,337,-1,-1,6,-1,0.07
032,Argentina,6,Buenos Aires,840,Tres De Febrero,6840,117,1.6,1.6,-1,-1,-1,-1,-1,1.37
032,Argentina,6,Buenos Aires,847,Tres Lomas,6847,109674.5,620,-1,620,-1,-1,-1,-1,0.57
032,Argentina,6,Buenos Aires,854,25 De Mayo,6854,363367.5,1248,-1,1248,-1,-1,-1,-1,0.34
032,Argentina,6,Buenos Aires,861,Vicente Lopez,6861,1.3,-1,-1,-1,-1,-1,-1,-1,-1.00
032,Argentina,6,Buenos Aires,868,Villa Gesell,6868,5.5,-1,-1,-1,-1,-1,-1,-1,-1.00
032,Argentina,6,Buenos Aires,875,Villarino,6875,879258.1,39095.3,38883.6,81,50.7,-1,80,-1,4.45
032,Argentina,6,Buenos Aires,882,Zarate,6882,34959.2,989.7,58,652.5,259.6,-1,19.6,-1,2.83
